Website Name,Screen Types Count,Screen Types (Names),Screen Slugs
"Notion",76,"Feedback; Action Option; Empty State; Loading; Suggestions &amp; Similar Items; Goal &amp; Task; Pricing; Permission; Other Content; Comments; Invite Teammates; Subscription &amp; Paywall; User / Group Profile; Publish; Checkout; Promotions &amp; Rewards; Wallet &amp; Balance; Home; Feature Info; Activity Log; Time Tracker; Log Dashboard; Browse &amp; Discover; Web Form UI; Team Dashboard; Edit Button; Form Builder; Operations Dashboard; Interactive Dashboard; Account Setup; Search Engine Design; Login; Confirmation; Error; Settings &amp; Preferences; Signup; Acknowledgement &amp; Success; Verification; Guided Tour &amp; Tutorial; Delete &amp; Deactivate Account; Intranet Design; Forgot Password; Note Detail; Edit; Chat Bot; Cancel; Import &amp; Export; Add &amp; Create; Delete; Draw &amp; Annotate; Filter &amp; Sort; Favorite &amp; Pin; Command Palette; Kanban Board; Move; Like &amp; Upvote; Date &amp; Time; Schedule; Reorder; Timeline &amp; History; Charts; Multi-Column Layout; Share; Search; Select; Set; Dark Mode; Trash &amp; Archive; Upload &amp; Download; Audio Player; Web App Design; Calendar; Audio &amp; Video Recorder; Media Editor; QR Code; Timer &amp; Clock","feedback; action-option; empty-state; loading; suggestions-similar-items; goal-task; pricing; permission; other-content; comments; invite-teammates; subscription-paywall; user-group-profile; publish; checkout; promotions-rewards; wallet-balance; home; feature-info; activity-log; time-tracker; log-dashboard; browse-discover; form-design; team-dashboard; edit-button; form-builder; operations-dashboard; interactive-dashboard; account-setup; search-engine-design; login; confirmation; error; settings-preferences; signup; acknowledgement-success; verification; guided-tour-tutorial; delete-deactivate-account; intranet-design; forgot-password; note-detail; edit; chat-bot; cancel; import-export; add-create; delete; draw-annotate; filter-sort; favorite-pin; command-palette; kanban-board; move; like-upvote; date-time; schedule; reorder; timeline-history; charts; multi-column-layout; share; search; select; set; dark-mode; trash-archive; upload-download; audio-player; web-app-design; calendar; audio-video-recorder; media-editor; qr-code; timer-clock"
"Canva",69,"Feedback; Action Option; Empty State; Payment Method; Loading; Suggestions &amp; Similar Items; Billing; Pricing; Other Content; Comments; Invite Teammates; Subscription &amp; Paywall; Class &amp; Lesson Detail; User / Group Profile; Publish; Checkout; Feature Info; Time Tracker; Browse &amp; Discover; Followers &amp; Following; Product Dashboard; Edit Button; Account Setup; Search Engine Design; Confirmation; Error; Settings &amp; Preferences; Acknowledgement &amp; Success; Verification; Marketing Dashboard; Guided Tour &amp; Tutorial; Delete &amp; Deactivate Account; Forgot Password; Internal Tool; Bookmarks &amp; Collections; Edit; Cancel; Import &amp; Export; Add &amp; Create; Delete; Draw &amp; Annotate; Filter &amp; Sort; Favorite &amp; Pin; Flag &amp; Report; Follow &amp; Subscribe; Move; Dashboard Images; Like &amp; Upvote; Date &amp; Time; Schedule; Timeline &amp; History; Charts; Multi-Column Layout; Share; Search; Select; Dark Mode; Trash &amp; Archive; Orange Gradient; Progress; Upload &amp; Download; Audio Player; Misc; Audio &amp; Video Recorder; Canvas; Media Editor; QR Code; Timer &amp; Clock; Reporting Dashboard","feedback; action-option; empty-state; payment-method; loading; suggestions-similar-items; billing; pricing; other-content; comments; invite-teammates; subscription-paywall; class-lesson-detail; user-group-profile; publish; checkout; feature-info; time-tracker; browse-discover; followers-following; product-dashboard; edit-button; account-setup; search-engine-design; confirmation; error; settings-preferences; acknowledgement-success; verification; marketing-dashboard; guided-tour-tutorial; delete-deactivate-account; forgot-password; internal-tool; bookmarks-collections; edit; cancel; import-export; add-create; delete; draw-annotate; filter-sort; favorite-pin; flag-report; follow-subscribe; move; dashboard-images; like-upvote; date-time; schedule; timeline-history; charts; multi-column-layout; share; search; select; dark-mode; trash-archive; orange-gradient; progress; upload-download; audio-player; misc; audio-video-recorder; canvas; media-editor; qr-code; timer-clock; reporting-dashboard"
"Front",64,"Feedback; Action Option; Empty State; Help &amp; Support; Loading; Suggestions &amp; Similar Items; Billing; Pricing; Permission; Other Content; Emails &amp; Messages; Invite Teammates; Chat Detail; Subscription &amp; Paywall; Class &amp; Lesson Detail; User / Group Profile; Event Detail; Publish; Feature Info; Activity Log; Time Tracker; Custom Dashboard; Admin UI; Admin Dashboard; Admin Panel; Monitoring Dashboard; Account Setup; Confirmation; Error; Settings &amp; Preferences; Signup; Acknowledgement &amp; Success; Verification; Owner Dashboard; Guided Tour &amp; Tutorial; Productivity Dashboard; Customer Service Dashboard; Forgot Password; Save; Ban &amp; Block; Edit; Import &amp; Export; Add &amp; Create; Delete; Filter &amp; Sort; Favorite &amp; Pin; Like &amp; Upvote; Date &amp; Time; Schedule; Reorder; Timeline &amp; History; Charts; Multi-Column Layout; Search; Select; Set; Trash &amp; Archive; Progress; Upload &amp; Download; Management Dashboard; Calendar; QR Code; Analytics Dashboard; Email Interface","feedback; action-option; empty-state; help-support; loading; suggestions-similar-items; billing; pricing; permission; other-content; emails-messages; invite-teammates; chat-detail; subscription-paywall; class-lesson-detail; user-group-profile; event-detail; publish; feature-info; activity-log; time-tracker; custom-dashboard; admin-ui; admin-dashboard; admin-panel; monitoring-dashboard; account-setup; confirmation; error; settings-preferences; signup; acknowledgement-success; verification; owner-dashboard; guided-tour-tutorial; productivity-dashboard; customer-service-dashboard; forgot-password; save; ban-block; edit; import-export; add-create; delete; filter-sort; favorite-pin; like-upvote; date-time; schedule; reorder; timeline-history; charts; multi-column-layout; search; select; set; trash-archive; progress; upload-download; management-dashboard; calendar; qr-code; analytics-dashboard; email-interface"
"Jobber",63,"Feedback; Action Option; Empty State; Loading; Suggestions &amp; Similar Items; Permission; Other Content; Feature Info; Time Tracker; Log Dashboard; Custom Dashboard; SEO Dashboard; SEO Dashboard Examples; Web Form UI; SaaS Dashboard; Taxi Dashboard; Form Builder; Construction Project Dashboard; Account Setup; Confirmation; Error; Settings &amp; Preferences; Acknowledgement &amp; Success; Marketing Dashboard; Owner Dashboard; Guided Tour &amp; Tutorial; Productivity Dashboard; Intranet Design; Forgot Password; Affiliate Dashboard; Internal Tool; Customer Dashboard; Edit; Add &amp; Create; Delete; Supply Chain Dashboard; Draw &amp; Annotate; Filter &amp; Sort; ERP System Dashboard; Favorite &amp; Pin; Business Dashboard Examples; Modern Dashboard Design; Invite &amp; Refer Friends; Date &amp; Time; Schedule; Timeline &amp; History; Charts; Multi-Column Layout; Share; Search; Select; Set; Dark Mode; Map; Progress; Upload &amp; Download; Personal Dashboard; Canvas; Metrics Dashboard; Campaign Dashboard; Reporting Dashboard; Revenue Dashboard; Portfolio Dashboard","feedback; action-option; empty-state; loading; suggestions-similar-items; permission; other-content; feature-info; time-tracker; log-dashboard; custom-dashboard; seo-dashboard; seo-dashboard-examples; form-design; saas-dashboard; taxi-dashboard; form-builder; construction-project-dashboard; account-setup; confirmation; error; settings-preferences; acknowledgement-success; marketing-dashboard; owner-dashboard; guided-tour-tutorial; productivity-dashboard; intranet-design; forgot-password; affiliate-dashboard; internal-tool; customer-dashboard; edit; add-create; delete; supply-chain-dashboard; draw-annotate; filter-sort; erp-system-dashboard; favorite-pin; business-dashboard; modern-dashboard-design; invite-refer-friends; date-time; schedule; timeline-history; charts; multi-column-layout; share; search; select; set; dark-mode; map; progress; upload-download; personal-dashboard; canvas; metrics-dashboard; campaign-dashboard; reporting-dashboard; revenue-dashboard; portfolio-dashboard"
"Databricks",62,"Feedback; Action Option; Empty State; Payment Method; Loading; Suggestions &amp; Similar Items; Billing; Other Content; Comments; Code Editor; Publish; Wallet &amp; Balance; Feature Info; Activity Log; Log Dashboard; Custom Dashboard; Taxi Dashboard; Operations Dashboard; Account Setup; Search Engine Design; Confirmation; Error; Settings &amp; Preferences; Acknowledgement &amp; Success; Verification; Guided Tour &amp; Tutorial; Internal Tool; Save; Bookmarks &amp; Collections; Edit; Cancel; Import &amp; Export; Add &amp; Create; Delete; Supply Chain Dashboard; AI Chat UI; Filter &amp; Sort; Favorite &amp; Pin; Command Palette; Move; Business Dashboard Examples; Modern Dashboard Design; Date &amp; Time; Other Action; Schedule; Reorder; Timeline &amp; History; Charts; Multi-Column Layout; Share; Search; Select; Set; Dark Mode; Trash &amp; Archive; Progress; Upload &amp; Download; Management Dashboard; Media Editor; QR Code; Timer &amp; Clock; Budget Dashboard","feedback; action-option; empty-state; payment-method; loading; suggestions-similar-items; billing; other-content; comments; code-editor; publish; wallet-balance; feature-info; activity-log; log-dashboard; custom-dashboard; taxi-dashboard; operations-dashboard; account-setup; search-engine-design; confirmation; error; settings-preferences; acknowledgement-success; verification; guided-tour-tutorial; internal-tool; save; bookmarks-collections; edit; cancel; import-export; add-create; delete; supply-chain-dashboard; ai-chat-ui; filter-sort; favorite-pin; command-palette; move; business-dashboard; modern-dashboard-design; date-time; other-action; schedule; reorder; timeline-history; charts; multi-column-layout; share; search; select; set; dark-mode; trash-archive; progress; upload-download; management-dashboard; media-editor; qr-code; timer-clock; budget-dashboard"
"ClickUp",59,"Billing; Goal &amp; Task; Pricing; Permission; Comments; Subscription &amp; Paywall; Promotions &amp; Rewards; Notifications; Feature Info; Activity Log; Time Tracker; AI Dashboard; Custom Dashboard; Client Dashboard; SaaS Dashboard; Taxi Dashboard; Wizard UI; Team Dashboard; Form Builder; Construction Project Dashboard; UI Components; Operations Dashboard; Business Dashboard Examples; Account Setup; Login; Signup; Verification; Owner Dashboard; Productivity Dashboard; Intranet Design; Forgot Password; Save; Bookmarks &amp; Collections; Note Detail; Quiz; Chat Bot; Import &amp; Export; Supply Chain Dashboard; AI Chat UI; Ranking Dashboard; Draw &amp; Annotate; Favorite &amp; Pin; Command Palette; Kanban Board; Reorder; Share; Trash &amp; Archive; Orange Gradient; Audio Player; Management Dashboard; Calendar; Personal Dashboard; Audio &amp; Video Recorder; Canvas; QR Code; Timer &amp; Clock; Best Dashboards; Reporting Dashboard; Customer Profile Software","billing; goal-task; pricing; permission; comments; subscription-paywall; promotions-rewards; notifications; feature-info; activity-log; time-tracker; ai-dashboard; custom-dashboard; client-dashboard; saas-dashboard; taxi-dashboard; wizard-ui; team-dashboard; form-builder; construction-project-dashboard; ui-components; operations-dashboard; business-dashboard-examples; account-setup; login; signup; verification; owner-dashboard; productivity-dashboard; intranet-design; forgot-password; save; bookmarks-collections; note-detail; quiz; chat-bot; import-export; supply-chain-dashboard; ai-chat-ui; ranking-dashboard; draw-annotate; favorite-pin; command-palette; kanban-board; reorder; share; trash-archive; orange-gradient; audio-player; management-dashboard; calendar; personal-dashboard; audio-video-recorder; canvas; qr-code; timer-clock; best-dashboards; reporting-dashboard; customer-profile-software"
"Jasper",57,"Feedback; Action Option; Empty State; Payment Method; Help &amp; Support; Loading; Suggestions &amp; Similar Items; Billing; Pricing; Other Content; Comments; Emails &amp; Messages; Chat Detail; Subscription &amp; Paywall; Checkout; Feature Info; AI Dashboard; Custom Dashboard; Browse &amp; Discover; SaaS Dashboard; Account Setup; Confirmation; Error; Settings &amp; Preferences; Acknowledgement &amp; Success; Verification; Marketing Dashboard; Guided Tour &amp; Tutorial; Internal Tool; Save; Bookmarks &amp; Collections; Note Detail; Edit; Chat Bot; Cancel; Add &amp; Create; Delete; AI Chat UI; Filter &amp; Sort; Favorite &amp; Pin; Flag &amp; Report; Date &amp; Time; Other Action; Timeline &amp; History; Charts; Multi-Column Layout; Share; Search; Select; Set; Trash &amp; Archive; Progress; Upload &amp; Download; Misc; Management Dashboard; Media Editor; Best Dashboards","feedback; action-option; empty-state; payment-method; help-support; loading; suggestions-similar-items; billing; pricing; other-content; comments; emails-messages; chat-detail; subscription-paywall; checkout; feature-info; ai-dashboard; custom-dashboard; browse-discover; saas-dashboard; account-setup; confirmation; error; settings-preferences; acknowledgement-success; verification; marketing-dashboard; guided-tour-tutorial; internal-tool; save; bookmarks-collections; note-detail; edit; chat-bot; cancel; add-create; delete; ai-chat-ui; filter-sort; favorite-pin; flag-report; date-time; other-action; timeline-history; charts; multi-column-layout; share; search; select; set; trash-archive; progress; upload-download; misc; management-dashboard; media-editor; best-dashboards"
"Nextdoor",57,"Feedback; Action Option; Empty State; Loading; Suggestions &amp; Similar Items; Pricing; Shop &amp; Storefront; Permission; Comments; Emails &amp; Messages; Invite Teammates; Chat Detail; Social Feed; User / Group Profile; Event Detail; Publish; Notifications; Feature Info; Browse &amp; Discover; Followers &amp; Following; Social Media Dashboard; Account Setup; Search Engine Design; Confirmation; Error; Settings &amp; Preferences; Acknowledgement &amp; Success; Verification; Guided Tour &amp; Tutorial; Forgot Password; Bookmarks &amp; Collections; Ban &amp; Block; Product Detail; Post Detail; Edit; Add &amp; Create; Delete; Filter &amp; Sort; Flag &amp; Report; Video Player; Business Dashboard Examples; Modern Dashboard Design; Like &amp; Upvote; Date &amp; Time; Schedule; Timeline &amp; History; Charts; Share; Search; Select; Set; Dark Mode; Map; Progress; Upload &amp; Download; QR Code; Timer &amp; Clock","feedback; action-option; empty-state; loading; suggestions-similar-items; pricing; shop-storefront; permission; comments; emails-messages; invite-teammates; chat-detail; social-feed; user-group-profile; event-detail; publish; notifications; feature-info; browse-discover; followers-following; social-media-dashboard; account-setup; search-engine-design; confirmation; error; settings-preferences; acknowledgement-success; verification; guided-tour-tutorial; forgot-password; bookmarks-collections; ban-block; product-detail; post-detail; edit; add-create; delete; filter-sort; flag-report; video-player; business-dashboard; modern-dashboard-design; like-upvote; date-time; schedule; timeline-history; charts; share; search; select; set; dark-mode; map; progress; upload-download; qr-code; timer-clock"
"Krea AI",53,"Feedback; Action Option; Empty State; Payment Method; Loading; Suggestions &amp; Similar Items; Billing; Pricing; Other Content; Invite Teammates; Subscription &amp; Paywall; User / Group Profile; Publish; Feature Info; Custom Dashboard; Browse &amp; Discover; SaaS Dashboard; Product Dashboard; Voice User Interface; Confirmation; Error; Settings &amp; Preferences; Acknowledgement &amp; Success; Verification; 3D Configurator; Forgot Password; Bookmarks &amp; Collections; Dashboard; Customer Dashboard; Post Detail; Edit; Add &amp; Create; Delete; Filter &amp; Sort; Favorite &amp; Pin; Flag &amp; Report; Dashboard Images; Like &amp; Upvote; Date &amp; Time; Other Action; Charts; Share; Search; Select; Set; Dark Mode; Progress; Upload &amp; Download; Audio Player; Personal Dashboard; Audio &amp; Video Recorder; Media Editor; Best Dashboards","feedback; action-option; empty-state; payment-method; loading; suggestions-similar-items; billing; pricing; other-content; invite-teammates; subscription-paywall; user-group-profile; publish; feature-info; custom-dashboard; browse-discover; saas-dashboard; product-dashboard; voice-user-interface; confirmation; error; settings-preferences; acknowledgement-success; verification; 3d-configurator; forgot-password; bookmarks-collections; dashboard; customer-dashboard; post-detail; edit; add-create; delete; filter-sort; favorite-pin; flag-report; dashboard-images; like-upvote; date-time; other-action; charts; share; search; select; set; dark-mode; progress; upload-download; audio-player; personal-dashboard; audio-video-recorder; media-editor; best-dashboards"
"OpenSea",53,"Action Option; Empty State; Order Confirmation; Loading; Pricing; Shop &amp; Storefront; Invite Teammates; User / Group Profile; Publish; Checkout; Wallet &amp; Balance; Home; Feature Info; Activity Log; Time Tracker; Web Shopping Cart; Browse &amp; Discover; Product Dashboard; Edit Button; Account Setup; Confirmation; Error; Settings &amp; Preferences; Acknowledgement &amp; Success; Verification; Bookmarks &amp; Collections; Product Detail; Edit; Transfer &amp; Send Money; Add &amp; Create; Delete; Filter &amp; Sort; Point Of Sale Design; Favorite &amp; Pin; Flag &amp; Report; Date &amp; Time; Other Action; Schedule; Timeline &amp; History; Charts; Share; Search; Select; Set; Ecommerce Analytics Dashboard; Progress; Upload &amp; Download; Calendar; QR Code; Best Dashboards; Ecommerce Dashboard; Portfolio Dashboard; Investment Dashboard","action-option; empty-state; order-confirmation; loading; pricing; shop-storefront; invite-teammates; user-group-profile; publish; checkout; wallet-balance; home; feature-info; activity-log; time-tracker; shopping-cart-ui; browse-discover; product-dashboard; edit-button; account-setup; confirmation; error; settings-preferences; acknowledgement-success; verification; bookmarks-collections; product-detail; edit; transfer-send-money; add-create; delete; filter-sort; point-of-sale-design; favorite-pin; flag-report; date-time; other-action; schedule; timeline-history; charts; share; search; select; set; ecommerce-analytics-dashboard; progress; upload-download; calendar; qr-code; best-dashboards; ecommerce-dashboard; portfolio-dashboard; investment-dashboard"
"Midday",51,"Action Option; Empty State; Loading; Suggestions &amp; Similar Items; Pricing; Other Content; Invite Teammates; Subscription &amp; Paywall; Home; Feature Info; Time Tracker; Client Dashboard; Finance Dashboard; Interactive Dashboard; Account Setup; Confirmation; Error; Settings &amp; Preferences; Acknowledgement &amp; Success; Verification; Search Dashboard; Dashboard; Customer Dashboard; Edit; Chat Bot; Import &amp; Export; Add &amp; Create; Delete; Supply Chain Dashboard; Filter &amp; Sort; ERP System Dashboard; Business Dashboard Examples; Modern Dashboard Design; Date &amp; Time; Timeline &amp; History; Charts; Share; Search; Select; Set; Dark Mode; Progress; Upload &amp; Download; Personal Finance Dashboard; QR Code; Accounting Software Dashboard; Inventory UI; Budget Dashboard; Revenue Dashboard; Portfolio Dashboard; Investment Dashboard","action-option; empty-state; loading; suggestions-similar-items; pricing; other-content; invite-teammates; subscription-paywall; home; feature-info; time-tracker; client-dashboard; finance-dashboard; interactive-dashboard; account-setup; confirmation; error; settings-preferences; acknowledgement-success; verification; search-dashboard; dashboard; customer-dashboard; edit; chat-bot; import-export; add-create; delete; supply-chain-dashboard; filter-sort; erp-system-dashboard; business-dashboard; modern-dashboard-design; date-time; timeline-history; charts; share; search; select; set; dark-mode; progress; upload-download; personal-finance-dashboard; qr-code; accounting-software-dashboard; inventory-ui; budget-dashboard; revenue-dashboard; portfolio-dashboard; investment-dashboard"
"Better Stack",50,"Action Option; Empty State; Payment Method; Loading; Billing; Pricing; Comments; Invite Teammates; Code Editor; Subscription &amp; Paywall; Checkout; Feature Info; Activity Log; Log Dashboard; Custom Dashboard; Taxi Dashboard; Edit Button; IoT Dashboard; Operations Dashboard; Monitoring Dashboard; Account Setup; Login; Error; Settings &amp; Preferences; Signup; Acknowledgement &amp; Success; Verification; Owner Dashboard; Search Dashboard; Guided Tour &amp; Tutorial; Internal Tool; Edit; Add &amp; Create; Supply Chain Dashboard; Filter &amp; Sort; Command Palette; Move; Date &amp; Time; Schedule; Timeline &amp; History; Charts; Multi-Column Layout; Search; Select; Set; Progress; QR Code; Metrics Dashboard; Reporting Dashboard; Network Monitoring Dashboard","action-option; empty-state; payment-method; loading; billing; pricing; comments; invite-teammates; code-editor; subscription-paywall; checkout; feature-info; activity-log; log-dashboard; custom-dashboard; taxi-dashboard; edit-button; iot-dashboard; operations-dashboard; monitoring-dashboard; account-setup; login; error; settings-preferences; signup; acknowledgement-success; verification; owner-dashboard; search-dashboard; guided-tour-tutorial; internal-tool; edit; add-create; supply-chain-dashboard; filter-sort; command-palette; move; date-time; schedule; timeline-history; charts; multi-column-layout; search; select; set; progress; qr-code; metrics-dashboard; reporting-dashboard; network-monitoring-dashboard"
"Shopify",50,"Feedback; Action Option; Payment Method; Help &amp; Support; Pricing; Shop &amp; Storefront; Code Editor; Subscription &amp; Paywall; Home; Notifications; Activity Log; Web Shopping Cart; Order Detail; SEO Dashboard Examples; Product Dashboard; Admin Panel; Web Product Configurator; Monitoring Dashboard; Login; Signup; Marketing Dashboard; Guided Tour &amp; Tutorial; Delete &amp; Deactivate Account; Dashboard; Supply Chain Dashboard; ERP System Dashboard; Point Of Sale Design; Command Palette; Business Dashboard Examples; Modern Dashboard Design; Other Action; Schedule; Reorder; Search; Map; Ecommerce Analytics Dashboard; Progress; Misc; Email Marketing Dashboard; Calendar; Personal Finance Dashboard; Metrics Dashboard; Campaign Dashboard; Best Dashboards; Reporting Dashboard; Inventory UI; Analytics Dashboard; Ecommerce Dashboard; Inventory Management Dashboard; Revenue Dashboard","feedback; action-option; payment-method; help-support; pricing; shop-storefront; code-editor; subscription-paywall; home; notifications; activity-log; shopping-cart-ui; order-detail; seo-dashboard-examples; product-dashboard; admin-panel; web-product-configurator; monitoring-dashboard; login; signup; marketing-dashboard; guided-tour-tutorial; delete-deactivate-account; dashboard; supply-chain-dashboard; erp-system-dashboard; point-of-sale-design; command-palette; business-dashboard; modern-dashboard-design; other-action; schedule; reorder; search; map; ecommerce-analytics-dashboard; progress; misc; email-marketing-dashboard; calendar; personal-finance-dashboard; metrics-dashboard; campaign-dashboard; best-dashboards; reporting-dashboard; inventory-ui; analytics-dashboard; ecommerce-dashboard; inventory-management-dashboard; revenue-dashboard"
"Airbnb",48,"Payment Method; Order Confirmation; Goal &amp; Task; Permission; Emails &amp; Messages; Invite Teammates; Chat Detail; User / Group Profile; Publish; Reviews &amp; Ratings; Promotions &amp; Rewards; Wallet &amp; Balance; Notifications; Activity Log; Time Tracker; Order History; Order Detail; Browse &amp; Discover; Taxi Dashboard; Edit Button; My Account &amp; Profile; Confirmation; Verification; Owner Dashboard; Delete &amp; Deactivate Account; Forgot Password; Save; Bookmarks &amp; Collections; Dashboard; Product Detail; Post Detail; Cancel; Flag &amp; Report; Video Player; Invite &amp; Refer Friends; Like &amp; Upvote; Other Action; Reorder; Timeline &amp; History; Charts; Multi-Column Layout; Set; Map; Trash &amp; Archive; Progress; Misc; Calendar; Revenue Dashboard","payment-method; order-confirmation; goal-task; permission; emails-messages; invite-teammates; chat-detail; user-group-profile; publish; reviews-ratings; promotions-rewards; wallet-balance; notifications; activity-log; time-tracker; order-history; order-detail; browse-discover; taxi-dashboard; edit-button; my-account-profile; confirmation; verification; owner-dashboard; delete-deactivate-account; forgot-password; save; bookmarks-collections; dashboard; product-detail; post-detail; cancel; flag-report; video-player; invite-refer-friends; like-upvote; other-action; reorder; timeline-history; charts; multi-column-layout; set; map; trash-archive; progress; misc; calendar; revenue-dashboard"
"Contra",48,"Empty State; Help &amp; Support; Loading; Billing; Achievements &amp; Awards; Emails &amp; Messages; Subscription &amp; Paywall; Reviews &amp; Ratings; Wallet &amp; Balance; Home; Feature Info; Log Dashboard; Order History; Browse &amp; Discover; SaaS Dashboard; Taxi Dashboard; Skip Button; My Account &amp; Profile; Search Engine Design; Login; Signup; Marketing Dashboard; Delete &amp; Deactivate Account; Affiliate Dashboard; Dashboard; Customer Dashboard; Post Detail; Chat Bot; Transfer &amp; Send Money; Supply Chain Dashboard; Video Player; Business Dashboard Examples; Modern Dashboard Design; Invite &amp; Refer Friends; Reorder; Timeline &amp; History; Share; Trash &amp; Archive; Personal Dashboard; Media Editor; Metrics Dashboard; Best Dashboards; Reporting Dashboard; Analytics Dashboard; Email Interface; Customer Profile Software; Revenue Dashboard; Portfolio Dashboard","empty-state; help-support; loading; billing; achievements-awards; emails-messages; subscription-paywall; reviews-ratings; wallet-balance; home; feature-info; log-dashboard; order-history; browse-discover; saas-dashboard; taxi-dashboard; skip-button; my-account-profile; search-engine-design; login; signup; marketing-dashboard; delete-deactivate-account; affiliate-dashboard; dashboard; customer-dashboard; post-detail; chat-bot; transfer-send-money; supply-chain-dashboard; video-player; business-dashboard; modern-dashboard-design; invite-refer-friends; reorder; timeline-history; share; trash-archive; personal-dashboard; media-editor; metrics-dashboard; best-dashboards; reporting-dashboard; analytics-dashboard; email-interface; customer-profile-software; revenue-dashboard; portfolio-dashboard"
"Square",48,"Action Option; Wallet &amp; Balance; Feature Info; Activity Log; Time Tracker; Order Detail; SEO Dashboard; Web Form UI; Client Dashboard; SaaS Dashboard; Taxi Dashboard; IoT Dashboard; Form Builder; Finance Dashboard; Web Product Configurator; Business Dashboard Examples; Website Prototype; Drag And Drop Dashboard; Marketing Dashboard; Cybersecurity Dashboard; Delete &amp; Deactivate Account; Customer Service Dashboard; Intranet Design; Affiliate Dashboard; Internal Tool; Ban &amp; Block; Import &amp; Export; Supply Chain Dashboard; ERP System Dashboard; Video Player; Kanban Board; Move; Timeline &amp; History; Select; Set; Progress; Upload &amp; Download; Email Marketing Dashboard; Calendar; Media Editor; Employee HR Dashboard; QR Code; Timer &amp; Clock; Campaign Dashboard; Inventory UI; Budget Dashboard; Email Interface; Revenue Dashboard","action-option; wallet-balance; feature-info; activity-log; time-tracker; order-detail; seo-dashboard; form-design; client-dashboard; saas-dashboard; taxi-dashboard; iot-dashboard; form-builder; finance-dashboard; web-product-configurator; business-dashboard-examples; website-prototype; drag-and-drop-dashboard; marketing-dashboard; cybersecurity-dashboard; delete-deactivate-account; customer-service-dashboard; intranet-design; affiliate-dashboard; internal-tool; ban-block; import-export; supply-chain-dashboard; erp-system-dashboard; video-player; kanban-board; move; business-dashboard; timeline-history; select; set; progress; upload-download; email-marketing-dashboard; calendar; media-editor; employee-hr-dashboard; qr-code; timer-clock; campaign-dashboard; inventory-ui; budget-dashboard; email-interface; revenue-dashboard"
"Google Workspace",46,"Feedback; Action Option; Empty State; Payment Method; Loading; Suggestions &amp; Similar Items; Billing; Pricing; Other Content; Invite Teammates; Subscription &amp; Paywall; Checkout; Log Dashboard; Admin UI; Admin Dashboard; Admin Panel; IoT Dashboard; Account Setup; Confirmation; Error; Settings &amp; Preferences; Acknowledgement &amp; Success; Verification; Owner Dashboard; Guided Tour &amp; Tutorial; Delete &amp; Deactivate Account; Intranet Design; Customer Dashboard; Edit; Cancel; Import &amp; Export; Add &amp; Create; Delete; Filter &amp; Sort; Favorite &amp; Pin; Date &amp; Time; Other Action; Charts; Multi-Column Layout; Search; Select; Set; Map; Progress; Upload &amp; Download; Inventory UI","feedback; action-option; empty-state; payment-method; loading; suggestions-similar-items; billing; pricing; other-content; invite-teammates; subscription-paywall; checkout; log-dashboard; admin-ui; admin-dashboard; admin-panel; iot-dashboard; account-setup; confirmation; error; settings-preferences; acknowledgement-success; verification; owner-dashboard; guided-tour-tutorial; delete-deactivate-account; intranet-design; customer-dashboard; edit; cancel; import-export; add-create; delete; filter-sort; favorite-pin; date-time; other-action; charts; multi-column-layout; search; select; set; map; progress; upload-download; inventory-ui"
"Depop",43,"Action Option; Empty State; Payment Method; Suggestions &amp; Similar Items; Pricing; Shop &amp; Storefront; Emails &amp; Messages; Chat Detail; User / Group Profile; Checkout; Reviews &amp; Ratings; Wallet &amp; Balance; Web Shopping Cart; Order History; Order Detail; Browse &amp; Discover; Product Dashboard; Account Setup; Search Engine Design; Confirmation; Error; Settings &amp; Preferences; Acknowledgement &amp; Success; Verification; Save; Bookmarks &amp; Collections; Product Detail; Edit; Add &amp; Create; Delete; Point Of Sale Design; Follow &amp; Subscribe; Like &amp; Upvote; Date &amp; Time; Reorder; Search; Select; Set; Ecommerce Analytics Dashboard; Upload &amp; Download; Inventory UI; Ecommerce Dashboard; Revenue Dashboard","action-option; empty-state; payment-method; suggestions-similar-items; pricing; shop-storefront; emails-messages; chat-detail; user-group-profile; checkout; reviews-ratings; wallet-balance; shopping-cart-ui; order-history; order-detail; browse-discover; product-dashboard; account-setup; search-engine-design; confirmation; error; settings-preferences; acknowledgement-success; verification; save; bookmarks-collections; product-detail; edit; add-create; delete; point-of-sale-design; follow-subscribe; like-upvote; date-time; reorder; search; select; set; ecommerce-analytics-dashboard; upload-download; inventory-ui; ecommerce-dashboard; revenue-dashboard"
"HubSpot",43,"Pricing; Invite Teammates; Code Editor; Subscription &amp; Paywall; Activity Log; Log Dashboard; Custom Dashboard; SEO Dashboard; SEO Dashboard Examples; Client Dashboard; Wizard UI; Form Builder; Web Product Configurator; Monitoring Dashboard; Business Dashboard Examples; Account Setup; Acknowledgement &amp; Success; Marketing Dashboard; Productivity Dashboard; Customer Service Dashboard; Intranet Design; Forgot Password; Internal Tool; Ban &amp; Block; Customer Dashboard; Quiz; Import &amp; Export; Ranking Dashboard; ERP System Dashboard; Favorite &amp; Pin; Modern Dashboard Design; Trash &amp; Archive; Email Marketing Dashboard; Calendar; Personal Dashboard; Campaign Dashboard; Reporting Dashboard; Inventory UI; Analytics Dashboard; Email Interface; Customer Profile Software; Revenue Dashboard; Event Dashboard","pricing; invite-teammates; code-editor; subscription-paywall; activity-log; log-dashboard; custom-dashboard; seo-dashboard; seo-dashboard-examples; client-dashboard; wizard-ui; form-builder; web-product-configurator; monitoring-dashboard; business-dashboard-examples; account-setup; acknowledgement-success; marketing-dashboard; productivity-dashboard; customer-service-dashboard; intranet-design; forgot-password; internal-tool; ban-block; customer-dashboard; quiz; import-export; ranking-dashboard; erp-system-dashboard; favorite-pin; business-dashboard; modern-dashboard-design; trash-archive; email-marketing-dashboard; calendar; personal-dashboard; campaign-dashboard; reporting-dashboard; inventory-ui; analytics-dashboard; email-interface; customer-profile-software; revenue-dashboard; event-dashboard"
"Kajabi",43,"Leaderboard; Pricing; Shop &amp; Storefront; Social Feed; Class &amp; Lesson Detail; User / Group Profile; Publish; Checkout; Promotions &amp; Rewards; Feature Info; Order History; Browse &amp; Discover; Admin Dashboard; Game Dashboard; Wizard UI; Web Product Configurator; Confirmation; LMS Dashboard; Marketing Dashboard; Guided Tour &amp; Tutorial; Affiliate Dashboard; Customer Dashboard; Song &amp; Podcast Detail; Chat Bot; ERP System Dashboard; Business Dashboard Examples; Modern Dashboard Design; Other Action; Schedule; Reorder; Timeline &amp; History; Charts; Multi-Column Layout; Email Marketing Dashboard; Media Editor; Metrics Dashboard; Campaign Dashboard; Best Dashboards; Reporting Dashboard; Inventory UI; Analytics Dashboard; Revenue Dashboard; Event Dashboard","leaderboard; pricing; shop-storefront; social-feed; class-lesson-detail; user-group-profile; publish; checkout; promotions-rewards; feature-info; order-history; browse-discover; admin-dashboard; game-dashboard; wizard-ui; web-product-configurator; confirmation; lms-dashboard; marketing-dashboard; guided-tour-tutorial; affiliate-dashboard; customer-dashboard; song-podcast-detail; chat-bot; erp-system-dashboard; business-dashboard; modern-dashboard-design; other-action; schedule; reorder; timeline-history; charts; multi-column-layout; email-marketing-dashboard; media-editor; metrics-dashboard; campaign-dashboard; best-dashboards; reporting-dashboard; inventory-ui; analytics-dashboard; revenue-dashboard; event-dashboard"
"Mindtrip",43,"Feedback; Action Option; Empty State; Loading; Suggestions &amp; Similar Items; Pricing; Other Content; Comments; Emails &amp; Messages; Invite Teammates; Chat Detail; User / Group Profile; Publish; Feature Info; Browse &amp; Discover; Account Setup; Confirmation; Error; Settings &amp; Preferences; Acknowledgement &amp; Success; Verification; Delete &amp; Deactivate Account; Forgot Password; Affiliate Dashboard; Save; Bookmarks &amp; Collections; Product Detail; Quiz; Edit; Add &amp; Create; Delete; Filter &amp; Sort; Follow &amp; Subscribe; Date &amp; Time; Reorder; Timeline &amp; History; Share; Search; Select; Map; Progress; Upload &amp; Download; Revenue Dashboard","feedback; action-option; empty-state; loading; suggestions-similar-items; pricing; other-content; comments; emails-messages; invite-teammates; chat-detail; user-group-profile; publish; feature-info; browse-discover; account-setup; confirmation; error; settings-preferences; acknowledgement-success; verification; delete-deactivate-account; forgot-password; affiliate-dashboard; save; bookmarks-collections; product-detail; quiz; edit; add-create; delete; filter-sort; follow-subscribe; date-time; reorder; timeline-history; share; search; select; map; progress; upload-download; revenue-dashboard"
"Okta",43,"Action Option; Empty State; Loading; Other Content; Invite Teammates; Feature Info; Activity Log; Log Dashboard; Custom Dashboard; Browse &amp; Discover; Admin UI; SaaS Dashboard; Confirmation; Error; Settings &amp; Preferences; Acknowledgement &amp; Success; Verification; Cybersecurity Dashboard; Guided Tour &amp; Tutorial; Productivity Dashboard; Forgot Password; Internal Tool; Save; Customer Dashboard; Edit; Import &amp; Export; Add &amp; Create; Delete; Filter &amp; Sort; ERP System Dashboard; Favorite &amp; Pin; Date &amp; Time; Schedule; Charts; Multi-Column Layout; Search; Select; Set; Progress; Upload &amp; Download; Personal Dashboard; QR Code; Network Monitoring Dashboard","action-option; empty-state; loading; other-content; invite-teammates; feature-info; activity-log; log-dashboard; custom-dashboard; browse-discover; admin-ui; saas-dashboard; confirmation; error; settings-preferences; acknowledgement-success; verification; cybersecurity-dashboard; guided-tour-tutorial; productivity-dashboard; forgot-password; internal-tool; save; customer-dashboard; edit; import-export; add-create; delete; filter-sort; erp-system-dashboard; favorite-pin; date-time; schedule; charts; multi-column-layout; search; select; set; progress; upload-download; personal-dashboard; qr-code; network-monitoring-dashboard"
"Intercom",42,"Help &amp; Support; Loading; Billing; Permission; Emails &amp; Messages; Chat Detail; User / Group Profile; Activity Log; AI Dashboard; Order History; Custom Dashboard; Cancel Button; Edit Button; Monitoring Dashboard; My Account &amp; Profile; Signup; Marketing Dashboard; Guided Tour &amp; Tutorial; Customer Service Dashboard; Internal Tool; Bookmarks &amp; Collections; Ban &amp; Block; Customer Dashboard; Cancel; Import &amp; Export; Supply Chain Dashboard; Draw &amp; Annotate; Favorite &amp; Pin; Command Palette; Date &amp; Time; Schedule; Charts; Map; Progress; Upload &amp; Download; Misc; Calendar; Canvas; Metrics Dashboard; Reporting Dashboard; Email Interface; Customer Profile Software","help-support; loading; billing; permission; emails-messages; chat-detail; user-group-profile; activity-log; ai-dashboard; order-history; custom-dashboard; cancel-button; edit-button; monitoring-dashboard; my-account-profile; signup; marketing-dashboard; guided-tour-tutorial; customer-service-dashboard; internal-tool; bookmarks-collections; ban-block; customer-dashboard; cancel; import-export; supply-chain-dashboard; draw-annotate; favorite-pin; command-palette; date-time; schedule; charts; map; progress; upload-download; misc; calendar; canvas; metrics-dashboard; reporting-dashboard; email-interface; customer-profile-software"
"FLORA",41,"Feedback; Action Option; Empty State; Loading; Suggestions &amp; Similar Items; Pricing; Other Content; Comments; Invite Teammates; Subscription &amp; Paywall; User / Group Profile; Publish; Wallet &amp; Balance; Web Interface; Browse &amp; Discover; Account Setup; Confirmation; Error; Settings &amp; Preferences; Acknowledgement &amp; Success; Verification; Marketing Dashboard; Guided Tour &amp; Tutorial; Delete &amp; Deactivate Account; Forgot Password; Internal Tool; Save; Bookmarks &amp; Collections; Edit; Add &amp; Create; Delete; Filter &amp; Sort; Date &amp; Time; Share; Select; Set; Trash &amp; Archive; Progress; Upload &amp; Download; Canvas; Timer &amp; Clock","feedback; action-option; empty-state; loading; suggestions-similar-items; pricing; other-content; comments; invite-teammates; subscription-paywall; user-group-profile; publish; wallet-balance; web-interface; browse-discover; account-setup; confirmation; error; settings-preferences; acknowledgement-success; verification; marketing-dashboard; guided-tour-tutorial; delete-deactivate-account; forgot-password; internal-tool; save; bookmarks-collections; edit; add-create; delete; filter-sort; date-time; share; select; set; trash-archive; progress; upload-download; canvas; timer-clock"
"Stripe",40,"Feedback; Shop &amp; Storefront; Other Content; Code Editor; Subscription &amp; Paywall; Home; Activity Log; Log Dashboard; Order Detail; Client Dashboard; Taxi Dashboard; Cancel Button; IoT Dashboard; Web Product Configurator; Business Dashboard Examples; Account Setup; My Account &amp; Profile; Login; Signup; Owner Dashboard; Cybersecurity Dashboard; Delete &amp; Deactivate Account; Internal Tool; Ban &amp; Block; Customer Dashboard; Product Detail; Transfer &amp; Send Money; Supply Chain Dashboard; ERP System Dashboard; Timeline &amp; History; Multi-Column Layout; Progress; Misc; Calendar; Personal Dashboard; Personal Finance Dashboard; Timer &amp; Clock; Reporting Dashboard; Customer Profile Software; Revenue Dashboard","feedback; shop-storefront; other-content; code-editor; subscription-paywall; home; activity-log; log-dashboard; order-detail; client-dashboard; taxi-dashboard; cancel-button; iot-dashboard; web-product-configurator; business-dashboard-examples; account-setup; my-account-profile; login; signup; owner-dashboard; cybersecurity-dashboard; delete-deactivate-account; internal-tool; ban-block; customer-dashboard; product-detail; transfer-send-money; supply-chain-dashboard; erp-system-dashboard; business-dashboard; timeline-history; multi-column-layout; progress; misc; calendar; personal-dashboard; personal-finance-dashboard; timer-clock; reporting-dashboard; customer-profile-software; revenue-dashboard"
"v0",39,"Feedback; Action Option; Empty State; Payment Method; Loading; Suggestions &amp; Similar Items; Billing; Pricing; Other Content; Invite Teammates; Chat Detail; Code Editor; Subscription &amp; Paywall; Publish; Checkout; Custom Dashboard; Browse &amp; Discover; Taxi Dashboard; Confirmation; Error; Settings &amp; Preferences; Acknowledgement &amp; Success; Verification; Internal Tool; Bookmarks &amp; Collections; Edit; Cancel; Add &amp; Create; Delete; Filter &amp; Sort; Favorite &amp; Pin; Command Palette; Date &amp; Time; Charts; Share; Search; Dark Mode; Upload &amp; Download; Media Editor","feedback; action-option; empty-state; payment-method; loading; suggestions-similar-items; billing; pricing; other-content; invite-teammates; chat-detail; code-editor; subscription-paywall; publish; checkout; custom-dashboard; browse-discover; taxi-dashboard; confirmation; error; settings-preferences; acknowledgement-success; verification; internal-tool; bookmarks-collections; edit; cancel; add-create; delete; filter-sort; favorite-pin; command-palette; date-time; charts; share; search; dark-mode; upload-download; media-editor"
"Asana",37,"Help &amp; Support; Goal &amp; Task; Emails &amp; Messages; Home; Notifications; Time Tracker; Custom Dashboard; Client Dashboard; SaaS Dashboard; Admin Dashboard; Wizard UI; Admin Panel; Team Dashboard; Form Builder; Construction Project Dashboard; Operations Dashboard; Business Dashboard Examples; My Account &amp; Profile; Drag And Drop Dashboard; Search Dashboard; Productivity Dashboard; Intranet Design; Internal Tool; Note Detail; Quiz; Supply Chain Dashboard; Favorite &amp; Pin; Kanban Board; Schedule; Trash &amp; Archive; Personal Dashboard; Canvas; Best Dashboards; Reporting Dashboard; Email Interface; Customer Profile Software; Portfolio Dashboard","help-support; goal-task; emails-messages; home; notifications; time-tracker; custom-dashboard; client-dashboard; saas-dashboard; admin-dashboard; wizard-ui; admin-panel; team-dashboard; form-builder; construction-project-dashboard; operations-dashboard; business-dashboard-examples; my-account-profile; drag-and-drop-dashboard; search-dashboard; productivity-dashboard; intranet-design; internal-tool; note-detail; quiz; supply-chain-dashboard; favorite-pin; kanban-board; schedule; trash-archive; personal-dashboard; canvas; best-dashboards; reporting-dashboard; email-interface; customer-profile-software; portfolio-dashboard"
"Deel",37,"Goal &amp; Task; Other Content; Reviews &amp; Ratings; Home; Time Tracker; Custom Dashboard; Cancel Button; Wizard UI; IoT Dashboard; Form Builder; Account Setup; My Account &amp; Profile; Login; Error; Signup; Employee Dashboard; Search Dashboard; Intranet Design; Forgot Password; Bookmarks &amp; Collections; Quiz; Transfer &amp; Send Money; Import &amp; Export; Delete; ERP System Dashboard; Invite &amp; Refer Friends; Other Action; Dark Mode; Misc; Calendar; Personal Dashboard; Canvas; Employee HR Dashboard; Reporting Dashboard; Inventory UI; Analytics Dashboard; Inventory Management Dashboard","goal-task; other-content; reviews-ratings; home; time-tracker; custom-dashboard; cancel-button; wizard-ui; iot-dashboard; form-builder; account-setup; my-account-profile; login; error; signup; employee-dashboard; search-dashboard; intranet-design; forgot-password; bookmarks-collections; quiz; transfer-send-money; import-export; delete; erp-system-dashboard; invite-refer-friends; other-action; dark-mode; misc; calendar; personal-dashboard; canvas; employee-hr-dashboard; reporting-dashboard; inventory-ui; analytics-dashboard; inventory-management-dashboard"
"Etsy",37,"Action Option; Payment Method; Order Confirmation; Help &amp; Support; Shop &amp; Storefront; Emails &amp; Messages; Checkout; Promotions &amp; Rewards; Wallet &amp; Balance; Web Shopping Cart; SEO Dashboard Examples; Client Dashboard; Taxi Dashboard; Product Dashboard; Edit Button; Form Builder; Web Product Configurator; Business Dashboard Examples; Interactive Dashboard; Marketing Dashboard; Owner Dashboard; Guided Tour &amp; Tutorial; Delete &amp; Deactivate Account; Forgot Password; Affiliate Dashboard; Supply Chain Dashboard; ERP System Dashboard; Point Of Sale Design; Schedule; Ecommerce Analytics Dashboard; Misc; Media Editor; Accounting Software Dashboard; Best Dashboards; Inventory UI; Ecommerce Dashboard; Customer Profile Software","action-option; payment-method; order-confirmation; help-support; shop-storefront; emails-messages; checkout; promotions-rewards; wallet-balance; shopping-cart-ui; seo-dashboard-examples; client-dashboard; taxi-dashboard; product-dashboard; edit-button; form-builder; web-product-configurator; business-dashboard-examples; interactive-dashboard; marketing-dashboard; owner-dashboard; guided-tour-tutorial; delete-deactivate-account; forgot-password; affiliate-dashboard; supply-chain-dashboard; erp-system-dashboard; point-of-sale-design; business-dashboard; schedule; ecommerce-analytics-dashboard; misc; media-editor; accounting-software-dashboard; best-dashboards; inventory-ui; ecommerce-dashboard; customer-profile-software"
"Retool",37,"Action Option; Empty State; Other Content; Code Editor; Browse &amp; Discover; Admin UI; Admin Dashboard; Wizard UI; Admin Panel; Edit Button; Form Builder; UI Components; Operations Dashboard; Monitoring Dashboard; Account Setup; Login; Error; Guided Tour &amp; Tutorial; Intranet Design; Internal Tool; Bookmarks &amp; Collections; Note Detail; Edit; Supply Chain Dashboard; Draw &amp; Annotate; ERP System Dashboard; Command Palette; Move; Date &amp; Time; Reorder; Timeline &amp; History; Multi-Column Layout; Map; Misc; Canvas; Inventory Management Dashboard; Revenue Dashboard","action-option; empty-state; other-content; code-editor; browse-discover; admin-ui; admin-dashboard; wizard-ui; admin-panel; edit-button; form-builder; ui-components; operations-dashboard; monitoring-dashboard; account-setup; login; error; guided-tour-tutorial; intranet-design; internal-tool; bookmarks-collections; note-detail; edit; supply-chain-dashboard; draw-annotate; erp-system-dashboard; command-palette; move; date-time; reorder; timeline-history; multi-column-layout; map; misc; canvas; inventory-management-dashboard; revenue-dashboard"
"Circle",36,"Leaderboard; Achievements &amp; Awards; Emails &amp; Messages; Invite Teammates; Chat Detail; Social Feed; Class &amp; Lesson Detail; User / Group Profile; Event Detail; Publish; Activity Log; Log Dashboard; Admin UI; Game Dashboard; Admin Panel; Social Media Dashboard; Search Engine Design; Login; Signup; Verification; Intranet Design; Post Detail; Quiz; Chat Bot; Ranking Dashboard; Filter &amp; Sort; Favorite &amp; Pin; Flag &amp; Report; Video Player; Call; Modern Dashboard Design; Like &amp; Upvote; Reorder; Audio Player; Audio &amp; Video Recorder; Analytics Dashboard","leaderboard; achievements-awards; emails-messages; invite-teammates; chat-detail; social-feed; class-lesson-detail; user-group-profile; event-detail; publish; activity-log; log-dashboard; admin-ui; game-dashboard; admin-panel; social-media-dashboard; search-engine-design; login; signup; verification; intranet-design; post-detail; quiz; chat-bot; ranking-dashboard; filter-sort; favorite-pin; flag-report; video-player; call; modern-dashboard-design; like-upvote; reorder; audio-player; audio-video-recorder; analytics-dashboard"
"Airtable",35,"Action Option; Help &amp; Support; Emails &amp; Messages; Invite Teammates; Publish; Wallet &amp; Balance; Notifications; Time Tracker; Client Dashboard; Form Builder; Construction Project Dashboard; UI Components; Interactive Dashboard; Account Setup; Drag And Drop Dashboard; Acknowledgement &amp; Success; Verification; Marketing Dashboard; Search Dashboard; Productivity Dashboard; Intranet Design; Forgot Password; Internal Tool; AI Chat UI; Filter &amp; Sort; ERP System Dashboard; Favorite &amp; Pin; Kanban Board; Share; Trash &amp; Archive; Progress; Media Editor; Accounting Software Dashboard; Email Interface; Customer Profile Software","action-option; help-support; emails-messages; invite-teammates; publish; wallet-balance; notifications; time-tracker; client-dashboard; form-builder; construction-project-dashboard; ui-components; interactive-dashboard; account-setup; drag-and-drop-dashboard; acknowledgement-success; verification; marketing-dashboard; search-dashboard; productivity-dashboard; intranet-design; forgot-password; internal-tool; ai-chat-ui; filter-sort; erp-system-dashboard; favorite-pin; kanban-board; share; trash-archive; progress; media-editor; accounting-software-dashboard; email-interface; customer-profile-software"
"Figma",35,"Code Editor; User / Group Profile; Publish; Checkout; Time Tracker; Web Interface; Browse &amp; Discover; Client Dashboard; Followers &amp; Following; Admin Panel; Team Dashboard; Edit Button; Website Wireframes; UI Components; Operations Dashboard; Website Prototype; Search Engine Design; Delete &amp; Deactivate Account; Bookmarks &amp; Collections; Ban &amp; Block; Post Detail; Cancel; Draw &amp; Annotate; Flag &amp; Report; Command Palette; Call; Move; Like &amp; Upvote; Other Action; Reorder; Multi-Column Layout; Trash &amp; Archive; Audio Player; Canvas; Timer &amp; Clock","code-editor; user-group-profile; publish; checkout; time-tracker; web-interface; browse-discover; client-dashboard; followers-following; admin-panel; team-dashboard; edit-button; website-wireframes; ui-components; operations-dashboard; website-prototype; search-engine-design; delete-deactivate-account; bookmarks-collections; ban-block; post-detail; cancel; draw-annotate; flag-report; command-palette; call; move; like-upvote; other-action; reorder; multi-column-layout; trash-archive; audio-player; canvas; timer-clock"
"Pinterest",35,"Shop &amp; Storefront; Comments; Publish; Notifications; SEO Dashboard Examples; Admin UI; Product Dashboard; Wizard UI; Admin Panel; Social Media Dashboard; Account Setup; Marketing Dashboard; Delete &amp; Deactivate Account; Internal Tool; Save; Bookmarks &amp; Collections; Dashboard; Note Detail; Post Detail; Stories; Recipe Detail; Delete; Ranking Dashboard; Draw &amp; Annotate; Move; Business Dashboard Examples; Dashboard Images; Multi-Column Layout; Share; Progress; Media Editor; Metrics Dashboard; Campaign Dashboard; Reporting Dashboard; Analytics Dashboard","shop-storefront; comments; publish; notifications; seo-dashboard-examples; admin-ui; product-dashboard; wizard-ui; admin-panel; social-media-dashboard; account-setup; marketing-dashboard; delete-deactivate-account; internal-tool; save; bookmarks-collections; dashboard; note-detail; post-detail; stories; recipe-detail; delete; ranking-dashboard; draw-annotate; move; business-dashboard; dashboard-images; multi-column-layout; share; progress; media-editor; metrics-dashboard; campaign-dashboard; reporting-dashboard; analytics-dashboard"
"Substack",35,"Payment Method; Leaderboard; Emails &amp; Messages; Chat Detail; Code Editor; Social Feed; User / Group Profile; Checkout; Notifications; SEO Dashboard Examples; SaaS Dashboard; Admin Dashboard; Followers &amp; Following; Taxi Dashboard; Admin Panel; Edit Button; Search Engine Design; Marketing Dashboard; Forgot Password; News Feed; Dashboard; Song &amp; Podcast Detail; Follow &amp; Subscribe; Business Dashboard Examples; Modern Dashboard Design; Invite &amp; Refer Friends; Like &amp; Upvote; Multi-Column Layout; Dark Mode; Upload &amp; Download; Audio Player; Audio &amp; Video Recorder; QR Code; Analytics Dashboard; Revenue Dashboard","payment-method; leaderboard; emails-messages; chat-detail; code-editor; social-feed; user-group-profile; checkout; notifications; seo-dashboard-examples; saas-dashboard; admin-dashboard; followers-following; taxi-dashboard; admin-panel; edit-button; search-engine-design; marketing-dashboard; forgot-password; news-feed; dashboard; song-podcast-detail; follow-subscribe; business-dashboard; modern-dashboard-design; invite-refer-friends; like-upvote; multi-column-layout; dark-mode; upload-download; audio-player; audio-video-recorder; qr-code; analytics-dashboard; revenue-dashboard"
"Zendesk",35,"Billing; Other Content; Invite Teammates; Chat Detail; User / Group Profile; Promotions &amp; Rewards; Notifications; Custom Dashboard; Admin UI; Client Dashboard; SaaS Dashboard; Admin Dashboard; Taxi Dashboard; Admin Panel; Monitoring Dashboard; Business Dashboard Examples; Error; Drag And Drop Dashboard; Owner Dashboard; Guided Tour &amp; Tutorial; Productivity Dashboard; Customer Service Dashboard; Forgot Password; Customer Dashboard; Supply Chain Dashboard; ERP System Dashboard; Kanban Board; Modern Dashboard Design; Schedule; Multi-Column Layout; Upload &amp; Download; Management Dashboard; Metrics Dashboard; Reporting Dashboard; Revenue Dashboard","billing; other-content; invite-teammates; chat-detail; user-group-profile; promotions-rewards; notifications; custom-dashboard; admin-ui; client-dashboard; saas-dashboard; admin-dashboard; taxi-dashboard; admin-panel; monitoring-dashboard; business-dashboard-examples; error; drag-and-drop-dashboard; owner-dashboard; guided-tour-tutorial; productivity-dashboard; customer-service-dashboard; forgot-password; customer-dashboard; supply-chain-dashboard; erp-system-dashboard; kanban-board; modern-dashboard-design; schedule; multi-column-layout; upload-download; management-dashboard; metrics-dashboard; reporting-dashboard; revenue-dashboard"
"Zoom",35,"Payment Method; Goal &amp; Task; Invite Teammates; Event Detail; Publish; Promotions &amp; Rewards; Time Tracker; Admin Panel; Team Dashboard; Form Builder; Construction Project Dashboard; Operations Dashboard; My Account &amp; Profile; Bookmarks &amp; Collections; Note Detail; Cancel; Delete; Draw &amp; Annotate; ERP System Dashboard; Favorite &amp; Pin; Flag &amp; Report; Call; Kanban Board; Follow &amp; Subscribe; Like &amp; Upvote; Schedule; Timeline &amp; History; Share; Management Dashboard; Playlists; Audio &amp; Video Recorder; Canvas; Media Editor; Timer &amp; Clock; Event Dashboard","payment-method; goal-task; invite-teammates; event-detail; publish; promotions-rewards; time-tracker; admin-panel; team-dashboard; form-builder; construction-project-dashboard; operations-dashboard; my-account-profile; bookmarks-collections; note-detail; cancel; delete; draw-annotate; erp-system-dashboard; favorite-pin; flag-report; call; kanban-board; follow-subscribe; like-upvote; schedule; timeline-history; share; management-dashboard; playlists; audio-video-recorder; canvas; media-editor; timer-clock; event-dashboard"
"Discord",34,"Empty State; Shop &amp; Storefront; Invite Teammates; Chat Detail; Subscription &amp; Paywall; User / Group Profile; Event Detail; Publish; Activity Log; Log Dashboard; Order History; Browse &amp; Discover; Conversational UI Examples; Followers &amp; Following; Game Dashboard; Voice User Interface; Edit Button; Social Media Dashboard; Settings &amp; Preferences; Bookmarks &amp; Collections; Ban &amp; Block; Post Detail; Cancel; Draw &amp; Annotate; Flag &amp; Report; Call; Invite &amp; Refer Friends; Like &amp; Upvote; Schedule; Timeline &amp; History; Search; Audio Player; Misc; Canvas","empty-state; shop-storefront; invite-teammates; chat-detail; subscription-paywall; user-group-profile; event-detail; publish; activity-log; log-dashboard; order-history; browse-discover; conversational-ui-examples; followers-following; game-dashboard; voice-user-interface; edit-button; social-media-dashboard; settings-preferences; bookmarks-collections; ban-block; post-detail; cancel; draw-annotate; flag-report; call; invite-refer-friends; like-upvote; schedule; timeline-history; search; audio-player; misc; canvas"
"Lemni",34,"Action Option; Empty State; Payment Method; Loading; Suggestions &amp; Similar Items; Pricing; Other Content; Emails &amp; Messages; Invite Teammates; Chat Detail; Code Editor; Subscription &amp; Paywall; Publish; Checkout; Feature Info; Skip Button; Account Setup; Confirmation; Error; Settings &amp; Preferences; Acknowledgement &amp; Success; Edit; Add &amp; Create; Delete; Filter &amp; Sort; Video Player; Date &amp; Time; Charts; Multi-Column Layout; Search; Select; Set; Dark Mode; Upload &amp; Download","action-option; empty-state; payment-method; loading; suggestions-similar-items; pricing; other-content; emails-messages; invite-teammates; chat-detail; code-editor; subscription-paywall; publish; checkout; feature-info; skip-button; account-setup; confirmation; error; settings-preferences; acknowledgement-success; edit; add-create; delete; filter-sort; video-player; date-time; charts; multi-column-layout; search; select; set; dark-mode; upload-download"
"Patreon",34,"Empty State; Payment Method; Suggestions &amp; Similar Items; Pricing; Emails &amp; Messages; Chat Detail; Social Feed; Subscription &amp; Paywall; User / Group Profile; Publish; Checkout; Wallet &amp; Balance; Order History; Order Detail; Browse &amp; Discover; Followers &amp; Following; Edit Button; Web Product Configurator; Social Media Dashboard; Account Setup; My Account &amp; Profile; Signup; Verification; Ban &amp; Block; Customer Dashboard; Post Detail; Cancel; Flag &amp; Report; Like &amp; Upvote; Schedule; Audio Player; Personal Dashboard; Timer &amp; Clock; Inventory UI","empty-state; payment-method; suggestions-similar-items; pricing; emails-messages; chat-detail; social-feed; subscription-paywall; user-group-profile; publish; checkout; wallet-balance; order-history; order-detail; browse-discover; followers-following; edit-button; web-product-configurator; social-media-dashboard; account-setup; my-account-profile; signup; verification; ban-block; customer-dashboard; post-detail; cancel; flag-report; like-upvote; schedule; audio-player; personal-dashboard; timer-clock; inventory-ui"
"Slack",34,"Help &amp; Support; Permission; Emails &amp; Messages; Invite Teammates; Chat Detail; Publish; Checkout; Time Tracker; Browse &amp; Discover; Admin Panel; Team Dashboard; Login; Signup; Delete &amp; Deactivate Account; Productivity Dashboard; Intranet Design; Dashboard; Note Detail; Delete; Favorite &amp; Pin; Call; Kanban Board; Modern Dashboard Design; Multi-Column Layout; Share; Trash &amp; Archive; Audio Player; Misc; Audio &amp; Video Recorder; Media Editor; Timer &amp; Clock; Analytics Dashboard; Email Interface; Customer Profile Software","help-support; permission; emails-messages; invite-teammates; chat-detail; publish; checkout; time-tracker; browse-discover; admin-panel; team-dashboard; login; signup; delete-deactivate-account; productivity-dashboard; intranet-design; dashboard; note-detail; delete; favorite-pin; call; kanban-board; modern-dashboard-design; multi-column-layout; share; trash-archive; audio-player; misc; audio-video-recorder; media-editor; timer-clock; analytics-dashboard; email-interface; customer-profile-software"
"Squarespace",34,"Shop &amp; Storefront; Subscription &amp; Paywall; Publish; Activity Log; Log Dashboard; Custom Dashboard; SEO Dashboard; SEO Dashboard Examples; SaaS Dashboard; Admin Dashboard; Taxi Dashboard; Wizard UI; Admin Panel; Form Builder; Website Wireframes; Web Product Configurator; Account Setup; Verification; Marketing Dashboard; Owner Dashboard; Intranet Design; Affiliate Dashboard; Save; Ban &amp; Block; Cancel; Move; Search; Web App Design; Email Marketing Dashboard; Metrics Dashboard; Accounting Software Dashboard; Charity Web Design; Inventory UI; Inventory Management Dashboard","shop-storefront; subscription-paywall; publish; activity-log; log-dashboard; custom-dashboard; seo-dashboard; seo-dashboard-examples; saas-dashboard; admin-dashboard; taxi-dashboard; wizard-ui; admin-panel; form-builder; website-wireframes; web-product-configurator; account-setup; verification; marketing-dashboard; owner-dashboard; intranet-design; affiliate-dashboard; save; ban-block; cancel; move; search; web-app-design; email-marketing-dashboard; metrics-dashboard; accounting-software-dashboard; charity-web-design; inventory-ui; inventory-management-dashboard"
"Whop",34,"Help &amp; Support; Leaderboard; Goal &amp; Task; Shop &amp; Storefront; Emails &amp; Messages; Class &amp; Lesson Detail; Reviews &amp; Ratings; Time Tracker; Client Dashboard; SaaS Dashboard; Taxi Dashboard; Admin Panel; Web Product Configurator; Business Dashboard Examples; Search Engine Design; Confirmation; Drag And Drop Dashboard; Marketing Dashboard; Search Dashboard; Customer Service Dashboard; Affiliate Dashboard; Internal Tool; Quiz; Delete; Ranking Dashboard; Filter &amp; Sort; ERP System Dashboard; Invite &amp; Refer Friends; Multi-Column Layout; Calendar; Campaign Dashboard; Accounting Software Dashboard; Analytics Dashboard; Revenue Dashboard","help-support; leaderboard; goal-task; shop-storefront; emails-messages; class-lesson-detail; reviews-ratings; time-tracker; client-dashboard; saas-dashboard; taxi-dashboard; admin-panel; web-product-configurator; business-dashboard-examples; search-engine-design; confirmation; drag-and-drop-dashboard; marketing-dashboard; search-dashboard; customer-service-dashboard; affiliate-dashboard; internal-tool; quiz; delete; ranking-dashboard; filter-sort; erp-system-dashboard; business-dashboard; invite-refer-friends; multi-column-layout; calendar; campaign-dashboard; accounting-software-dashboard; analytics-dashboard; revenue-dashboard"
"Wix",34,"Emails &amp; Messages; Code Editor; Notifications; Web Interface; SEO Dashboard; SEO Dashboard Examples; SaaS Dashboard; Admin Dashboard; Taxi Dashboard; Wizard UI; Skip Button; Form Builder; Web Product Configurator; Error; Marketing Dashboard; Owner Dashboard; Intranet Design; Affiliate Dashboard; Internal Tool; Save; Quiz; AI Chat UI; ERP System Dashboard; Business Dashboard Examples; Modern Dashboard Design; Email Marketing Dashboard; Calendar; Campaign Dashboard; Best Dashboards; Inventory UI; Network Monitoring Dashboard; Analytics Dashboard; Email Interface; Inventory Management Dashboard","emails-messages; code-editor; notifications; web-interface; seo-dashboard; seo-dashboard-examples; saas-dashboard; admin-dashboard; taxi-dashboard; wizard-ui; skip-button; form-builder; web-product-configurator; error; marketing-dashboard; owner-dashboard; intranet-design; affiliate-dashboard; internal-tool; save; quiz; ai-chat-ui; erp-system-dashboard; business-dashboard; modern-dashboard-design; email-marketing-dashboard; calendar; campaign-dashboard; best-dashboards; inventory-ui; network-monitoring-dashboard; analytics-dashboard; email-interface; inventory-management-dashboard"
"Coinbase",33,"Order Confirmation; Help &amp; Support; Billing; Permission; Achievements &amp; Awards; Other Content; Wallet &amp; Balance; Home; Feature Info; Activity Log; Order History; Order Detail; Finance Dashboard; Confirmation; Signup; Verification; Forgot Password; Edit; Stories; Transfer &amp; Send Money; Cancel; Draw &amp; Annotate; Favorite &amp; Pin; Invite &amp; Refer Friends; Timeline &amp; History; Charts; Share; Search; Set; Progress; QR Code; Portfolio Dashboard; Investment Dashboard","order-confirmation; help-support; billing; permission; achievements-awards; other-content; wallet-balance; home; feature-info; activity-log; order-history; order-detail; finance-dashboard; confirmation; signup; verification; forgot-password; edit; stories; transfer-send-money; cancel; draw-annotate; favorite-pin; invite-refer-friends; timeline-history; charts; share; search; set; progress; qr-code; portfolio-dashboard; investment-dashboard"
"Vercel",33,"Payment Method; Permission; Code Editor; Activity Log; Log Dashboard; AI Dashboard; Order History; Browse &amp; Discover; SEO Dashboard Examples; SaaS Dashboard; Taxi Dashboard; Operations Dashboard; Monitoring Dashboard; Interactive Dashboard; Confirmation; Cybersecurity Dashboard; Search Dashboard; Internal Tool; Customer Dashboard; Delete; Supply Chain Dashboard; Ranking Dashboard; Command Palette; Move; Other Action; Trash &amp; Archive; Misc; Calendar; Media Editor; Metrics Dashboard; Network Monitoring Dashboard; Analytics Dashboard; Portfolio Dashboard","payment-method; permission; code-editor; activity-log; log-dashboard; ai-dashboard; order-history; browse-discover; seo-dashboard-examples; saas-dashboard; taxi-dashboard; operations-dashboard; monitoring-dashboard; interactive-dashboard; confirmation; cybersecurity-dashboard; search-dashboard; internal-tool; customer-dashboard; delete; supply-chain-dashboard; ranking-dashboard; command-palette; move; other-action; trash-archive; misc; calendar; media-editor; metrics-dashboard; network-monitoring-dashboard; analytics-dashboard; portfolio-dashboard"
"Fresha",32,"Order Confirmation; Permission; User / Group Profile; Event Detail; Checkout; Reviews &amp; Ratings; Promotions &amp; Rewards; Wallet &amp; Balance; Time Tracker; Web Form UI; SaaS Dashboard; Taxi Dashboard; Cancel Button; Form Builder; Login; Signup; Marketing Dashboard; Productivity Dashboard; Quiz; Ranking Dashboard; ERP System Dashboard; Business Dashboard Examples; Invite &amp; Refer Friends; Multi-Column Layout; Calendar; QR Code; Campaign Dashboard; Best Dashboards; Reporting Dashboard; Inventory UI; Analytics Dashboard; Inventory Management Dashboard","order-confirmation; permission; user-group-profile; event-detail; checkout; reviews-ratings; promotions-rewards; wallet-balance; time-tracker; form-design; saas-dashboard; taxi-dashboard; cancel-button; form-builder; login; signup; marketing-dashboard; productivity-dashboard; quiz; ranking-dashboard; erp-system-dashboard; business-dashboard; invite-refer-friends; multi-column-layout; calendar; qr-code; campaign-dashboard; best-dashboards; reporting-dashboard; inventory-ui; analytics-dashboard; inventory-management-dashboard"
"PayPal",32,"Feedback; Suggestions &amp; Similar Items; Emails &amp; Messages; Wallet &amp; Balance; Feature Info; Activity Log; Web Form UI; Taxi Dashboard; Finance Dashboard; My Account &amp; Profile; Error; Verification; Guided Tour &amp; Tutorial; Delete &amp; Deactivate Account; Save; Customer Dashboard; Transfer &amp; Send Money; Supply Chain Dashboard; Favorite &amp; Pin; Business Dashboard Examples; Timeline &amp; History; Share; Select; Progress; Upload &amp; Download; Misc; Personal Dashboard; QR Code; Charity Web Design; Inventory UI; Portfolio Dashboard; Investment Dashboard","feedback; suggestions-similar-items; emails-messages; wallet-balance; feature-info; activity-log; form-design; taxi-dashboard; finance-dashboard; my-account-profile; error; verification; guided-tour-tutorial; delete-deactivate-account; save; customer-dashboard; transfer-send-money; supply-chain-dashboard; favorite-pin; business-dashboard; timeline-history; share; select; progress; upload-download; misc; personal-dashboard; qr-code; charity-web-design; inventory-ui; portfolio-dashboard; investment-dashboard"
"Duolingo",31,"Payment Method; Leaderboard; Goal &amp; Task; Pricing; Permission; Achievements &amp; Awards; Social Feed; Subscription &amp; Paywall; Class &amp; Lesson Detail; User / Group Profile; Event Detail; Promotions &amp; Rewards; Browse &amp; Discover; Followers &amp; Following; Skip Button; My Account &amp; Profile; Login; LMS Dashboard; Ban &amp; Block; Quiz; Stories; Cancel; Ranking Dashboard; Draw &amp; Annotate; Filter &amp; Sort; Flag &amp; Report; Invite &amp; Refer Friends; Progress; Audio Player; Audio &amp; Video Recorder; Best Dashboards","payment-method; leaderboard; goal-task; pricing; permission; achievements-awards; social-feed; subscription-paywall; class-lesson-detail; user-group-profile; event-detail; promotions-rewards; browse-discover; followers-following; skip-button; my-account-profile; login; lms-dashboard; ban-block; quiz; stories; cancel; ranking-dashboard; draw-annotate; filter-sort; flag-report; invite-refer-friends; progress; audio-player; audio-video-recorder; best-dashboards"
"GitHub",31,"Billing; Permission; Achievements &amp; Awards; Code Editor; Checkout; Activity Log; Log Dashboard; Admin UI; Client Dashboard; Followers &amp; Following; Game Dashboard; Admin Panel; Team Dashboard; Operations Dashboard; Monitoring Dashboard; My Account &amp; Profile; Owner Dashboard; Cybersecurity Dashboard; Guided Tour &amp; Tutorial; Delete &amp; Deactivate Account; Ban &amp; Block; Import &amp; Export; Supply Chain Dashboard; Command Palette; Kanban Board; Move; Search; Map; Misc; QR Code; Customer Profile Software","billing; permission; achievements-awards; code-editor; checkout; activity-log; log-dashboard; admin-ui; client-dashboard; followers-following; game-dashboard; admin-panel; team-dashboard; operations-dashboard; monitoring-dashboard; my-account-profile; owner-dashboard; cybersecurity-dashboard; guided-tour-tutorial; delete-deactivate-account; ban-block; import-export; supply-chain-dashboard; command-palette; kanban-board; move; search; map; misc; qr-code; customer-profile-software"
"OpenAI Platform",31,"Help &amp; Support; Pricing; Code Editor; Activity Log; Log Dashboard; AI Dashboard; SaaS Dashboard; Taxi Dashboard; Voice User Interface; Admin Panel; IoT Dashboard; Confirmation; Acknowledgement &amp; Success; Verification; Internal Tool; Save; Chat Bot; Import &amp; Export; Delete; Supply Chain Dashboard; Filter &amp; Sort; Date &amp; Time; Timeline &amp; History; Multi-Column Layout; Audio &amp; Video Recorder; Canvas; QR Code; Timer &amp; Clock; Metrics Dashboard; Inventory UI; Budget Dashboard","help-support; pricing; code-editor; activity-log; log-dashboard; ai-dashboard; saas-dashboard; taxi-dashboard; voice-user-interface; admin-panel; iot-dashboard; confirmation; acknowledgement-success; verification; internal-tool; save; chat-bot; import-export; delete; supply-chain-dashboard; filter-sort; date-time; timeline-history; multi-column-layout; audio-video-recorder; canvas; qr-code; timer-clock; metrics-dashboard; inventory-ui; budget-dashboard"
"Binance",30,"Feedback; Help &amp; Support; Shop &amp; Storefront; Social Feed; User / Group Profile; Promotions &amp; Rewards; Wallet &amp; Balance; Order History; Taxi Dashboard; Finance Dashboard; Forgot Password; Affiliate Dashboard; Save; Ban &amp; Block; Customer Dashboard; Quiz; Transfer &amp; Send Money; Cancel; Ranking Dashboard; Draw &amp; Annotate; Follow &amp; Subscribe; Invite &amp; Refer Friends; Timeline &amp; History; Multi-Column Layout; Management Dashboard; Personal Dashboard; QR Code; Timer &amp; Clock; Portfolio Dashboard; Investment Dashboard","feedback; help-support; shop-storefront; social-feed; user-group-profile; promotions-rewards; wallet-balance; order-history; taxi-dashboard; finance-dashboard; forgot-password; affiliate-dashboard; save; ban-block; customer-dashboard; quiz; transfer-send-money; cancel; ranking-dashboard; draw-annotate; follow-subscribe; invite-refer-friends; timeline-history; multi-column-layout; management-dashboard; personal-dashboard; qr-code; timer-clock; portfolio-dashboard; investment-dashboard"
"Coda",30,"Feedback; Help &amp; Support; Goal &amp; Task; Permission; Other Content; Comments; Chat Detail; Publish; Home; Activity Log; Time Tracker; AI Dashboard; Edit Button; Form Builder; Construction Project Dashboard; Search Engine Design; Login; Signup; Guided Tour &amp; Tutorial; Delete &amp; Deactivate Account; Productivity Dashboard; Note Detail; Favorite &amp; Pin; Kanban Board; Move; Modern Dashboard Design; Like &amp; Upvote; Media Editor; Timer &amp; Clock; Analytics Dashboard","feedback; help-support; goal-task; permission; other-content; comments; chat-detail; publish; home; activity-log; time-tracker; ai-dashboard; edit-button; form-builder; construction-project-dashboard; search-engine-design; login; signup; guided-tour-tutorial; delete-deactivate-account; productivity-dashboard; note-detail; favorite-pin; kanban-board; move; modern-dashboard-design; like-upvote; media-editor; timer-clock; analytics-dashboard"
"Fiverr",30,"Payment Method; Order Confirmation; Billing; Shop &amp; Storefront; Emails &amp; Messages; Class &amp; Lesson Detail; User / Group Profile; Reviews &amp; Ratings; Order History; Order Detail; SEO Dashboard; SEO Dashboard Examples; Client Dashboard; Game Dashboard; Business Dashboard Examples; Guided Tour &amp; Tutorial; Productivity Dashboard; Dashboard; Note Detail; Product Detail; Post Detail; Supply Chain Dashboard; Invite &amp; Refer Friends; Progress; Canvas; QR Code; Analytics Dashboard; Email Interface; Customer Profile Software; Revenue Dashboard","payment-method; order-confirmation; billing; shop-storefront; emails-messages; class-lesson-detail; user-group-profile; reviews-ratings; order-history; order-detail; seo-dashboard; seo-dashboard-examples; client-dashboard; game-dashboard; business-dashboard-examples; guided-tour-tutorial; productivity-dashboard; dashboard; note-detail; product-detail; post-detail; supply-chain-dashboard; invite-refer-friends; progress; canvas; qr-code; analytics-dashboard; email-interface; customer-profile-software; revenue-dashboard"
"HBO Max",30,"Feedback; Action Option; Payment Method; Loading; Suggestions &amp; Similar Items; Billing; Pricing; Subscription &amp; Paywall; Checkout; Promotions &amp; Rewards; Order Detail; Browse &amp; Discover; IoT Dashboard; Confirmation; Error; Settings &amp; Preferences; Acknowledgement &amp; Success; Verification; Bookmarks &amp; Collections; TV Show &amp; Movie Detail; Edit; Cancel; Delete; Video Player; Date &amp; Time; Search; Select; Set; Progress; QR Code","feedback; action-option; payment-method; loading; suggestions-similar-items; billing; pricing; subscription-paywall; checkout; promotions-rewards; order-detail; browse-discover; iot-dashboard; confirmation; error; settings-preferences; acknowledgement-success; verification; bookmarks-collections; tv-show-movie-detail; edit; cancel; delete; video-player; date-time; search; select; set; progress; qr-code"
"Tripadvisor",30,"Action Option; Order Confirmation; Shop &amp; Storefront; Achievements &amp; Awards; Emails &amp; Messages; Chat Detail; Article Detail; Social Feed; Publish; Checkout; Reviews &amp; Ratings; Order Detail; Browse &amp; Discover; Followers &amp; Following; Game Dashboard; My Account &amp; Profile; Search Engine Design; Bookmarks &amp; Collections; Ban &amp; Block; Product Detail; Post Detail; Quiz; Chat Bot; Favorite &amp; Pin; Flag &amp; Report; Follow &amp; Subscribe; Other Action; Map; Progress; Media Editor","action-option; order-confirmation; shop-storefront; achievements-awards; emails-messages; chat-detail; article-detail; social-feed; publish; checkout; reviews-ratings; order-detail; browse-discover; followers-following; game-dashboard; my-account-profile; search-engine-design; bookmarks-collections; ban-block; product-detail; post-detail; quiz; chat-bot; favorite-pin; flag-report; follow-subscribe; other-action; map; progress; media-editor"
"Unity",30,"Feedback; Order Confirmation; Billing; Shop &amp; Storefront; Achievements &amp; Awards; Comments; Order History; Order Detail; SaaS Dashboard; Taxi Dashboard; Admin Panel; Skip Button; Operations Dashboard; Monitoring Dashboard; My Account &amp; Profile; Cybersecurity Dashboard; Delete &amp; Deactivate Account; Productivity Dashboard; Intranet Design; ERP System Dashboard; Business Dashboard Examples; Modern Dashboard Design; Like &amp; Upvote; Management Dashboard; Metrics Dashboard; Inventory UI; Budget Dashboard; Customer Profile Software; Revenue Dashboard; Portfolio Dashboard","feedback; order-confirmation; billing; shop-storefront; achievements-awards; comments; order-history; order-detail; saas-dashboard; taxi-dashboard; admin-panel; skip-button; operations-dashboard; monitoring-dashboard; my-account-profile; cybersecurity-dashboard; delete-deactivate-account; productivity-dashboard; intranet-design; erp-system-dashboard; business-dashboard; modern-dashboard-design; like-upvote; management-dashboard; metrics-dashboard; inventory-ui; budget-dashboard; customer-profile-software; revenue-dashboard; portfolio-dashboard"
"YouTube",30,"Action Option; Payment Method; Billing; Pricing; Other Content; Comments; Social Feed; User / Group Profile; Publish; Checkout; Browse &amp; Discover; Followers &amp; Following; Game Dashboard; Product Dashboard; Voice User Interface; Social Media Dashboard; Search Engine Design; Guided Tour &amp; Tutorial; Bookmarks &amp; Collections; Ban &amp; Block; Post Detail; Stories; Video Player; Dashboard Images; Like &amp; Upvote; Search; Upload &amp; Download; Playlists; Audio &amp; Video Recorder; Media Editor","action-option; payment-method; billing; pricing; other-content; comments; social-feed; user-group-profile; publish; checkout; browse-discover; followers-following; game-dashboard; product-dashboard; voice-user-interface; social-media-dashboard; search-engine-design; guided-tour-tutorial; bookmarks-collections; ban-block; post-detail; stories; video-player; dashboard-images; like-upvote; search; upload-download; playlists; audio-video-recorder; media-editor"
"Apollo",29,"Feedback; Emails &amp; Messages; Publish; Home; Notifications; Web Form UI; Client Dashboard; SaaS Dashboard; Admin Panel; Business Dashboard Examples; Login; Marketing Dashboard; Guided Tour &amp; Tutorial; Internal Tool; Save; Bookmarks &amp; Collections; Edit; Chat Bot; Delete; Flag &amp; Report; Kanban Board; Move; Set; Management Dashboard; Playlists; Canvas; Reporting Dashboard; Analytics Dashboard; Email Interface","feedback; emails-messages; publish; home; notifications; form-design; client-dashboard; saas-dashboard; admin-panel; business-dashboard-examples; login; marketing-dashboard; guided-tour-tutorial; internal-tool; save; bookmarks-collections; edit; chat-bot; delete; flag-report; kanban-board; move; business-dashboard; set; management-dashboard; playlists; canvas; reporting-dashboard; analytics-dashboard; email-interface"
"Mailchimp",29,"Help &amp; Support; Pricing; Permission; Subscription &amp; Paywall; Client Dashboard; Admin Dashboard; Edit Button; Monitoring Dashboard; Business Dashboard Examples; Search Engine Design; Confirmation; Verification; Marketing Dashboard; Owner Dashboard; Guided Tour &amp; Tutorial; Forgot Password; Internal Tool; Chat Bot; Move; Modern Dashboard Design; Search; Misc; Email Marketing Dashboard; Personal Dashboard; Canvas; QR Code; Campaign Dashboard; Reporting Dashboard; Revenue Dashboard","help-support; pricing; permission; subscription-paywall; client-dashboard; admin-dashboard; edit-button; monitoring-dashboard; business-dashboard-examples; search-engine-design; confirmation; verification; marketing-dashboard; owner-dashboard; guided-tour-tutorial; forgot-password; internal-tool; chat-bot; move; business-dashboard; modern-dashboard-design; search; misc; email-marketing-dashboard; personal-dashboard; canvas; qr-code; campaign-dashboard; reporting-dashboard; revenue-dashboard"
"Mixpanel",29,"Payment Method; Code Editor; Activity Log; Log Dashboard; Custom Dashboard; Client Dashboard; SaaS Dashboard; Taxi Dashboard; Admin Panel; Monitoring Dashboard; Business Dashboard Examples; Drag And Drop Dashboard; Verification; Marketing Dashboard; Search Dashboard; Bookmarks &amp; Collections; Note Detail; Import &amp; Export; Supply Chain Dashboard; Favorite &amp; Pin; Modern Dashboard Design; Reorder; Share; Dark Mode; Media Editor; Metrics Dashboard; Reporting Dashboard; Analytics Dashboard; Customer Profile Software","payment-method; code-editor; activity-log; log-dashboard; custom-dashboard; client-dashboard; saas-dashboard; taxi-dashboard; admin-panel; monitoring-dashboard; business-dashboard-examples; drag-and-drop-dashboard; verification; marketing-dashboard; search-dashboard; bookmarks-collections; note-detail; import-export; supply-chain-dashboard; favorite-pin; business-dashboard; modern-dashboard-design; reorder; share; dark-mode; media-editor; metrics-dashboard; reporting-dashboard; analytics-dashboard; customer-profile-software"
"Uxcel",29,"Leaderboard; Pricing; Permission; Achievements &amp; Awards; Subscription &amp; Paywall; Class &amp; Lesson Detail; Publish; Checkout; Reviews &amp; Ratings; Promotions &amp; Rewards; Home; Notifications; Feature Info; SaaS Dashboard; Skip Button; Interactive Dashboard; LMS Dashboard; Productivity Dashboard; Bookmarks &amp; Collections; Ranking Dashboard; ERP System Dashboard; Flag &amp; Report; Like &amp; Upvote; Misc; QR Code; Timer &amp; Clock; Metrics Dashboard; Best Dashboards; Reporting Dashboard","leaderboard; pricing; permission; achievements-awards; subscription-paywall; class-lesson-detail; publish; checkout; reviews-ratings; promotions-rewards; home; notifications; feature-info; saas-dashboard; skip-button; interactive-dashboard; lms-dashboard; productivity-dashboard; bookmarks-collections; ranking-dashboard; erp-system-dashboard; flag-report; like-upvote; misc; qr-code; timer-clock; metrics-dashboard; best-dashboards; reporting-dashboard"
"Braintrust",28,"Empty State; Suggestions &amp; Similar Items; Permission; Emails &amp; Messages; Social Feed; Reviews &amp; Ratings; Home; Activity Log; Log Dashboard; AI Dashboard; Operations Dashboard; Monitoring Dashboard; Social Media Dashboard; My Account &amp; Profile; Affiliate Dashboard; Save; Post Detail; Quiz; Supply Chain Dashboard; Draw &amp; Annotate; Favorite &amp; Pin; Flag &amp; Report; Share; Audio &amp; Video Recorder; Metrics Dashboard; Best Dashboards; Network Monitoring Dashboard; Portfolio Dashboard","empty-state; suggestions-similar-items; permission; emails-messages; social-feed; reviews-ratings; home; activity-log; log-dashboard; ai-dashboard; operations-dashboard; monitoring-dashboard; social-media-dashboard; my-account-profile; affiliate-dashboard; save; post-detail; quiz; supply-chain-dashboard; draw-annotate; favorite-pin; flag-report; share; audio-video-recorder; metrics-dashboard; best-dashboards; network-monitoring-dashboard; portfolio-dashboard"
"Eventbrite",28,"Order Confirmation; Help &amp; Support; User / Group Profile; Event Detail; Promotions &amp; Rewards; Order History; Order Detail; Browse &amp; Discover; Followers &amp; Following; Marketing Dashboard; Internal Tool; Cancel; Delete; Favorite &amp; Pin; Flag &amp; Report; Video Player; Modern Dashboard Design; Schedule; Map; Misc; Email Marketing Dashboard; Campaign Dashboard; Best Dashboards; Reporting Dashboard; Charity Web Design; Inventory UI; Analytics Dashboard; Event Dashboard","order-confirmation; help-support; user-group-profile; event-detail; promotions-rewards; order-history; order-detail; browse-discover; followers-following; marketing-dashboard; internal-tool; cancel; delete; favorite-pin; flag-report; video-player; modern-dashboard-design; schedule; map; misc; email-marketing-dashboard; campaign-dashboard; best-dashboards; reporting-dashboard; charity-web-design; inventory-ui; analytics-dashboard; event-dashboard"
"HoneyBook",28,"Time Tracker; Custom Dashboard; Web Form UI; Taxi Dashboard; Form Builder; Construction Project Dashboard; Business Dashboard Examples; My Account &amp; Profile; Search Engine Design; Verification; Search Dashboard; Guided Tour &amp; Tutorial; Productivity Dashboard; Customer Dashboard; Quiz; Import &amp; Export; Draw &amp; Annotate; ERP System Dashboard; Invite &amp; Refer Friends; Timeline &amp; History; Personal Dashboard; Personal Finance Dashboard; Metrics Dashboard; Reporting Dashboard; Budget Dashboard; Email Interface; Revenue Dashboard; Portfolio Dashboard","time-tracker; custom-dashboard; form-design; taxi-dashboard; form-builder; construction-project-dashboard; business-dashboard-examples; my-account-profile; search-engine-design; verification; search-dashboard; guided-tour-tutorial; productivity-dashboard; customer-dashboard; quiz; import-export; draw-annotate; erp-system-dashboard; business-dashboard; invite-refer-friends; timeline-history; personal-dashboard; personal-finance-dashboard; metrics-dashboard; reporting-dashboard; budget-dashboard; email-interface; revenue-dashboard; portfolio-dashboard"
"Linear",28,"Help &amp; Support; Billing; Goal &amp; Task; Comments; Notifications; Feature Info; Order History; Web Form UI; Client Dashboard; Team Dashboard; Edit Button; Operations Dashboard; Monitoring Dashboard; Save; Edit; Import &amp; Export; Command Palette; Kanban Board; Follow &amp; Subscribe; Move; Like &amp; Upvote; Schedule; Reorder; Multi-Column Layout; Set; Misc; Web App Design; Customer Profile Software","help-support; billing; goal-task; comments; notifications; feature-info; order-history; form-design; client-dashboard; team-dashboard; edit-button; operations-dashboard; monitoring-dashboard; save; edit; import-export; command-palette; kanban-board; follow-subscribe; move; like-upvote; schedule; reorder; multi-column-layout; set; misc; web-app-design; customer-profile-software"
"Miro",28,"Action Option; Help &amp; Support; Billing; Invite Teammates; Chat Detail; Checkout; Wallet &amp; Balance; Time Tracker; Order History; Team Dashboard; Website Wireframes; Operations Dashboard; Search Engine Design; Confirmation; Owner Dashboard; Search Dashboard; Productivity Dashboard; Intranet Design; Affiliate Dashboard; Dashboard; Note Detail; Favorite &amp; Pin; Call; Modern Dashboard Design; Like &amp; Upvote; Share; Audio &amp; Video Recorder; Timer &amp; Clock","action-option; help-support; billing; invite-teammates; chat-detail; checkout; wallet-balance; time-tracker; order-history; team-dashboard; website-wireframes; operations-dashboard; search-engine-design; confirmation; owner-dashboard; search-dashboard; productivity-dashboard; intranet-design; affiliate-dashboard; dashboard; note-detail; favorite-pin; call; modern-dashboard-design; like-upvote; share; audio-video-recorder; timer-clock"
"Teachable",28,"Payment Method; Help &amp; Support; Achievements &amp; Awards; Code Editor; Social Feed; Checkout; Promotions &amp; Rewards; Log Dashboard; Custom Dashboard; SaaS Dashboard; Admin Dashboard; Admin Panel; Form Builder; Account Setup; LMS Dashboard; Owner Dashboard; Productivity Dashboard; Affiliate Dashboard; Post Detail; Supply Chain Dashboard; ERP System Dashboard; Business Dashboard Examples; Timeline &amp; History; Progress; Email Marketing Dashboard; Media Editor; Reporting Dashboard; Revenue Dashboard","payment-method; help-support; achievements-awards; code-editor; social-feed; checkout; promotions-rewards; log-dashboard; custom-dashboard; saas-dashboard; admin-dashboard; admin-panel; form-builder; account-setup; lms-dashboard; owner-dashboard; productivity-dashboard; affiliate-dashboard; post-detail; supply-chain-dashboard; erp-system-dashboard; business-dashboard; timeline-history; progress; email-marketing-dashboard; media-editor; reporting-dashboard; revenue-dashboard"
"Webflow",28,"Payment Method; Help &amp; Support; Goal &amp; Task; Pricing; Code Editor; Subscription &amp; Paywall; Publish; Notifications; Feature Info; Web Interface; SEO Dashboard; Admin Dashboard; Admin Panel; Web Product Configurator; Website Prototype; Account Setup; Owner Dashboard; Intranet Design; Move; Date &amp; Time; Other Action; Multi-Column Layout; Select; Canvas; Media Editor; QR Code; Inventory UI; Network Monitoring Dashboard","payment-method; help-support; goal-task; pricing; code-editor; subscription-paywall; publish; notifications; feature-info; web-interface; seo-dashboard; admin-dashboard; admin-panel; web-product-configurator; website-prototype; account-setup; owner-dashboard; intranet-design; move; date-time; other-action; multi-column-layout; select; canvas; media-editor; qr-code; inventory-ui; network-monitoring-dashboard"
"Amplitude",27,"Permission; User / Group Profile; Home; Notifications; Log Dashboard; Custom Dashboard; SEO Dashboard Examples; Client Dashboard; SaaS Dashboard; Taxi Dashboard; Business Dashboard Examples; Error; Search Dashboard; Bookmarks &amp; Collections; Note Detail; Customer Dashboard; Supply Chain Dashboard; ERP System Dashboard; Modern Dashboard Design; Like &amp; Upvote; Timeline &amp; History; Share; Trash &amp; Archive; Calendar; Metrics Dashboard; Best Dashboards; Analytics Dashboard","permission; user-group-profile; home; notifications; log-dashboard; custom-dashboard; seo-dashboard-examples; client-dashboard; saas-dashboard; taxi-dashboard; business-dashboard-examples; error; search-dashboard; bookmarks-collections; note-detail; customer-dashboard; supply-chain-dashboard; erp-system-dashboard; modern-dashboard-design; like-upvote; timeline-history; share; trash-archive; calendar; metrics-dashboard; best-dashboards; analytics-dashboard"
"Dropbox",27,"Help &amp; Support; Home; Notifications; Feature Info; Activity Log; Log Dashboard; Admin UI; Admin Dashboard; Admin Panel; Edit Button; Confirmation; Acknowledgement &amp; Success; Owner Dashboard; Cybersecurity Dashboard; Internal Tool; Cancel; Import &amp; Export; Delete; Draw &amp; Annotate; Favorite &amp; Pin; Move; Other Action; Upload &amp; Download; Misc; Audio &amp; Video Recorder; Best Dashboards; Network Monitoring Dashboard","help-support; home; notifications; feature-info; activity-log; log-dashboard; admin-ui; admin-dashboard; admin-panel; edit-button; confirmation; acknowledgement-success; owner-dashboard; cybersecurity-dashboard; internal-tool; cancel; import-export; delete; draw-annotate; favorite-pin; move; other-action; upload-download; misc; audio-video-recorder; best-dashboards; network-monitoring-dashboard"
"Productboard",27,"Comments; Taxi Dashboard; Error; Signup; Guided Tour &amp; Tutorial; Productivity Dashboard; Customer Service Dashboard; Intranet Design; Save; Note Detail; Import &amp; Export; Supply Chain Dashboard; ERP System Dashboard; Kanban Board; Move; Invite &amp; Refer Friends; Date &amp; Time; Other Action; Reorder; Timeline &amp; History; Charts; Multi-Column Layout; Share; Select; Set; Progress; Reporting Dashboard","comments; taxi-dashboard; error; signup; guided-tour-tutorial; productivity-dashboard; customer-service-dashboard; intranet-design; save; note-detail; import-export; supply-chain-dashboard; erp-system-dashboard; kanban-board; move; invite-refer-friends; date-time; other-action; reorder; timeline-history; charts; multi-column-layout; share; select; set; progress; reporting-dashboard"
"Qatalog",27,"Goal &amp; Task; Emails &amp; Messages; Home; Notifications; Time Tracker; Custom Dashboard; Cancel Button; Form Builder; Account Setup; My Account &amp; Profile; Search Engine Design; Login; Verification; Search Dashboard; Productivity Dashboard; Intranet Design; Note Detail; Post Detail; Chat Bot; Video Player; Kanban Board; Move; Reorder; Select; Misc; Canvas; Customer Profile Software","goal-task; emails-messages; home; notifications; time-tracker; custom-dashboard; cancel-button; form-builder; account-setup; my-account-profile; search-engine-design; login; verification; search-dashboard; productivity-dashboard; intranet-design; note-detail; post-detail; chat-bot; video-player; kanban-board; move; reorder; select; misc; canvas; customer-profile-software"
"TikTok",27,"Feedback; Payment Method; Help &amp; Support; Suggestions &amp; Similar Items; Leaderboard; Permission; Comments; Emails &amp; Messages; Notifications; Order History; Order Detail; Browse &amp; Discover; Followers &amp; Following; Social Media Dashboard; Guided Tour &amp; Tutorial; Affiliate Dashboard; Internal Tool; Ban &amp; Block; Song &amp; Podcast Detail; Filter &amp; Sort; Flag &amp; Report; Business Dashboard Examples; Like &amp; Upvote; Share; Audio Player; Playlists; Media Editor","feedback; payment-method; help-support; suggestions-similar-items; leaderboard; permission; comments; emails-messages; notifications; order-history; order-detail; browse-discover; followers-following; social-media-dashboard; guided-tour-tutorial; affiliate-dashboard; internal-tool; ban-block; song-podcast-detail; filter-sort; flag-report; business-dashboard; like-upvote; share; audio-player; playlists; media-editor"
"Attio",26,"Billing; Pricing; Permission; Emails &amp; Messages; Invite Teammates; Checkout; Promotions &amp; Rewards; Home; Custom Dashboard; Verification; Internal Tool; Bookmarks &amp; Collections; Dashboard; Ban &amp; Block; Supply Chain Dashboard; Ranking Dashboard; ERP System Dashboard; Kanban Board; Business Dashboard Examples; Invite &amp; Refer Friends; Other Action; Reorder; Multi-Column Layout; Dark Mode; Calendar; Reporting Dashboard","billing; pricing; permission; emails-messages; invite-teammates; checkout; promotions-rewards; home; custom-dashboard; verification; internal-tool; bookmarks-collections; dashboard; ban-block; supply-chain-dashboard; ranking-dashboard; erp-system-dashboard; kanban-board; business-dashboard; invite-refer-friends; other-action; reorder; multi-column-layout; dark-mode; calendar; reporting-dashboard"
"Bonsai",26,"Comments; Home; Time Tracker; Custom Dashboard; Web Form UI; Taxi Dashboard; Form Builder; Finance Dashboard; Construction Project Dashboard; Monitoring Dashboard; Search Dashboard; Delete &amp; Deactivate Account; Productivity Dashboard; ERP System Dashboard; Kanban Board; Business Dashboard Examples; Modern Dashboard Design; Invite &amp; Refer Friends; Calendar; Personal Dashboard; Personal Finance Dashboard; Timer &amp; Clock; Budget Dashboard; Revenue Dashboard; Event Dashboard; Portfolio Dashboard","comments; home; time-tracker; custom-dashboard; form-design; taxi-dashboard; form-builder; finance-dashboard; construction-project-dashboard; monitoring-dashboard; search-dashboard; delete-deactivate-account; productivity-dashboard; erp-system-dashboard; kanban-board; business-dashboard; modern-dashboard-design; invite-refer-friends; calendar; personal-dashboard; personal-finance-dashboard; timer-clock; budget-dashboard; revenue-dashboard; event-dashboard; portfolio-dashboard"
"Charma",26,"Payment Method; Goal &amp; Task; Admin UI; Client Dashboard; Admin Dashboard; Cancel Button; Admin Panel; Operations Dashboard; Business Dashboard Examples; My Account &amp; Profile; Search Engine Design; Acknowledgement &amp; Success; Productivity Dashboard; Intranet Design; Note Detail; Import &amp; Export; ERP System Dashboard; Modern Dashboard Design; Timeline &amp; History; Multi-Column Layout; Management Dashboard; Personal Dashboard; Employee HR Dashboard; Best Dashboards; Analytics Dashboard; Customer Profile Software","payment-method; goal-task; admin-ui; client-dashboard; admin-dashboard; cancel-button; admin-panel; operations-dashboard; business-dashboard-examples; my-account-profile; search-engine-design; acknowledgement-success; productivity-dashboard; intranet-design; note-detail; import-export; erp-system-dashboard; modern-dashboard-design; timeline-history; multi-column-layout; management-dashboard; personal-dashboard; employee-hr-dashboard; best-dashboards; analytics-dashboard; customer-profile-software"
"Clay",26,"Action Option; Empty State; Achievements &amp; Awards; Code Editor; Client Dashboard; SaaS Dashboard; Business Dashboard Examples; Search Engine Design; Login; Signup; Guided Tour &amp; Tutorial; Delete &amp; Deactivate Account; Forgot Password; Edit; Cancel; Import &amp; Export; Command Palette; Invite &amp; Refer Friends; Reorder; Set; Map; Progress; Upload &amp; Download; Email Marketing Dashboard; Campaign Dashboard; Accounting Software Dashboard","action-option; empty-state; achievements-awards; code-editor; client-dashboard; saas-dashboard; business-dashboard-examples; search-engine-design; login; signup; guided-tour-tutorial; delete-deactivate-account; forgot-password; edit; cancel; import-export; command-palette; invite-refer-friends; reorder; set; map; progress; upload-download; email-marketing-dashboard; campaign-dashboard; accounting-software-dashboard"
"Customer.io",26,"Other Content; Code Editor; User / Group Profile; Notifications; Activity Log; Log Dashboard; Custom Dashboard; Taxi Dashboard; Business Dashboard Examples; Confirmation; Marketing Dashboard; Guided Tour &amp; Tutorial; Internal Tool; Import &amp; Export; Supply Chain Dashboard; Draw &amp; Annotate; Other Action; Multi-Column Layout; Misc; Email Marketing Dashboard; Canvas; QR Code; Campaign Dashboard; Reporting Dashboard; Email Interface; Customer Profile Software","other-content; code-editor; user-group-profile; notifications; activity-log; log-dashboard; custom-dashboard; taxi-dashboard; business-dashboard-examples; confirmation; marketing-dashboard; guided-tour-tutorial; internal-tool; import-export; supply-chain-dashboard; draw-annotate; other-action; multi-column-layout; misc; email-marketing-dashboard; canvas; qr-code; campaign-dashboard; reporting-dashboard; email-interface; customer-profile-software"
"Dovetail",26,"Feedback; Pricing; Comments; Subscription &amp; Paywall; Publish; Checkout; Notifications; Form Builder; Monitoring Dashboard; Search Engine Design; Login; Signup; Forgot Password; Note Detail; Cancel; Delete; Supply Chain Dashboard; Draw &amp; Annotate; Video Player; Kanban Board; Reorder; Trash &amp; Archive; Audio Player; Management Dashboard; Canvas; Email Interface","feedback; pricing; comments; subscription-paywall; publish; checkout; notifications; form-builder; monitoring-dashboard; search-engine-design; login; signup; forgot-password; note-detail; cancel; delete; supply-chain-dashboard; draw-annotate; video-player; kanban-board; reorder; trash-archive; audio-player; management-dashboard; canvas; email-interface"
"Dub",26,"Billing; Pricing; Invite Teammates; Subscription &amp; Paywall; Log Dashboard; Custom Dashboard; SEO Dashboard Examples; SaaS Dashboard; Admin Dashboard; Admin Panel; Signup; Marketing Dashboard; Affiliate Dashboard; Customer Dashboard; Edit; Ranking Dashboard; Business Dashboard Examples; Modern Dashboard Design; Progress; Calendar; Personal Dashboard; Campaign Dashboard; Reporting Dashboard; Analytics Dashboard; Email Interface; Revenue Dashboard","billing; pricing; invite-teammates; subscription-paywall; log-dashboard; custom-dashboard; seo-dashboard-examples; saas-dashboard; admin-dashboard; admin-panel; signup; marketing-dashboard; affiliate-dashboard; customer-dashboard; edit; ranking-dashboard; business-dashboard; modern-dashboard-design; progress; calendar; personal-dashboard; campaign-dashboard; reporting-dashboard; analytics-dashboard; email-interface; revenue-dashboard"
"Glide",26,"Pricing; Subscription &amp; Paywall; Feature Info; Log Dashboard; Web Interface; Web Form UI; SaaS Dashboard; Admin Dashboard; Admin Panel; Edit Button; Web Product Configurator; Login; Error; Productivity Dashboard; Supply Chain Dashboard; Draw &amp; Annotate; Favorite &amp; Pin; Kanban Board; Business Dashboard Examples; Modern Dashboard Design; Personal Dashboard; Audio &amp; Video Recorder; QR Code; Best Dashboards; Analytics Dashboard; Inventory Management Dashboard","pricing; subscription-paywall; feature-info; log-dashboard; web-interface; form-design; saas-dashboard; admin-dashboard; admin-panel; edit-button; web-product-configurator; login; error; productivity-dashboard; supply-chain-dashboard; draw-annotate; favorite-pin; kanban-board; business-dashboard; modern-dashboard-design; personal-dashboard; audio-video-recorder; qr-code; best-dashboards; analytics-dashboard; inventory-management-dashboard"
"beehiiv",25,"Action Option; Goal &amp; Task; Achievements &amp; Awards; Subscription &amp; Paywall; Wallet &amp; Balance; Home; Notifications; SEO Dashboard Examples; Form Builder; Website Prototype; Error; Signup; Verification; Marketing Dashboard; Productivity Dashboard; Customer Service Dashboard; Affiliate Dashboard; Import &amp; Export; Flag &amp; Report; Modern Dashboard Design; Map; Email Marketing Dashboard; Canvas; Reporting Dashboard; Analytics Dashboard","action-option; goal-task; achievements-awards; subscription-paywall; wallet-balance; home; notifications; seo-dashboard-examples; form-builder; website-prototype; error; signup; verification; marketing-dashboard; productivity-dashboard; customer-service-dashboard; affiliate-dashboard; import-export; flag-report; modern-dashboard-design; map; email-marketing-dashboard; canvas; reporting-dashboard; analytics-dashboard"
"Loom",25,"Help &amp; Support; Billing; Permission; Invite Teammates; Order History; Client Dashboard; Followers &amp; Following; Product Dashboard; Cancel Button; Skip Button; Edit Button; Business Dashboard Examples; Signup; Guided Tour &amp; Tutorial; Intranet Design; Move; Dashboard Images; Other Action; Share; Select; Trash &amp; Archive; Audio &amp; Video Recorder; Media Editor; Timer &amp; Clock; Customer Profile Software","help-support; billing; permission; invite-teammates; order-history; client-dashboard; followers-following; product-dashboard; cancel-button; skip-button; edit-button; business-dashboard-examples; signup; guided-tour-tutorial; intranet-design; move; dashboard-images; other-action; share; select; trash-archive; audio-video-recorder; media-editor; timer-clock; customer-profile-software"
"Monarch",25,"Billing; Goal &amp; Task; Custom Dashboard; Client Dashboard; Finance Dashboard; Signup; Acknowledgement &amp; Success; Verification; Delete &amp; Deactivate Account; Forgot Password; Affiliate Dashboard; Chat Bot; Cancel; Delete; Flag &amp; Report; Other Action; Reorder; Personal Dashboard; Personal Finance Dashboard; QR Code; Timer &amp; Clock; Budget Dashboard; Revenue Dashboard; Portfolio Dashboard; Investment Dashboard","billing; goal-task; custom-dashboard; client-dashboard; finance-dashboard; signup; acknowledgement-success; verification; delete-deactivate-account; forgot-password; affiliate-dashboard; chat-bot; cancel; delete; flag-report; other-action; reorder; personal-dashboard; personal-finance-dashboard; qr-code; timer-clock; budget-dashboard; revenue-dashboard; portfolio-dashboard; investment-dashboard"
"Remote",25,"Action Option; Home; Time Tracker; Admin UI; SaaS Dashboard; Taxi Dashboard; Wizard UI; Admin Panel; Skip Button; Form Builder; My Account &amp; Profile; Login; Signup; Employee Dashboard; Owner Dashboard; Search Dashboard; Intranet Design; Import &amp; Export; Command Palette; Invite &amp; Refer Friends; Management Dashboard; Calendar; Employee HR Dashboard; Email Interface; Customer Profile Software","action-option; home; time-tracker; admin-ui; saas-dashboard; taxi-dashboard; wizard-ui; admin-panel; skip-button; form-builder; my-account-profile; login; signup; employee-dashboard; owner-dashboard; search-dashboard; intranet-design; import-export; command-palette; invite-refer-friends; management-dashboard; calendar; employee-hr-dashboard; email-interface; customer-profile-software"
"Slite",25,"Billing; Permission; Emails &amp; Messages; Invite Teammates; Feature Info; Order History; My Account &amp; Profile; Search Engine Design; Employee Dashboard; Productivity Dashboard; Intranet Design; Forgot Password; Internal Tool; Note Detail; Cancel; Draw &amp; Annotate; Kanban Board; Move; Schedule; Search; Trash &amp; Archive; Management Dashboard; Canvas; Best Dashboards; Analytics Dashboard","billing; permission; emails-messages; invite-teammates; feature-info; order-history; my-account-profile; search-engine-design; employee-dashboard; productivity-dashboard; intranet-design; forgot-password; internal-tool; note-detail; cancel; draw-annotate; kanban-board; move; schedule; search; trash-archive; management-dashboard; canvas; best-dashboards; analytics-dashboard"
"Twitch",25,"Feedback; Leaderboard; Achievements &amp; Awards; Other Content; Chat Detail; Social Feed; Subscription &amp; Paywall; Event Detail; Promotions &amp; Rewards; Wallet &amp; Balance; Order History; Browse &amp; Discover; Followers &amp; Following; Game Dashboard; Product Dashboard; Edit Button; Internal Tool; Quiz; Edit; Cancel; Flag &amp; Report; Video Player; Follow &amp; Subscribe; Dashboard Images; Multi-Column Layout","feedback; leaderboard; achievements-awards; other-content; chat-detail; social-feed; subscription-paywall; event-detail; promotions-rewards; wallet-balance; order-history; browse-discover; followers-following; game-dashboard; product-dashboard; edit-button; internal-tool; quiz; edit; cancel; flag-report; video-player; follow-subscribe; dashboard-images; multi-column-layout"
"Employment Hero",24,"Goal &amp; Task; Permission; Social Feed; Time Tracker; Custom Dashboard; Form Builder; Signup; Employee Dashboard; Guided Tour &amp; Tutorial; Productivity Dashboard; Intranet Design; Internal Tool; Ban &amp; Block; Draw &amp; Annotate; ERP System Dashboard; Move; Invite &amp; Refer Friends; Other Action; Schedule; Calendar; Canvas; Employee HR Dashboard; Reporting Dashboard; Inventory UI","goal-task; permission; social-feed; time-tracker; custom-dashboard; form-builder; signup; employee-dashboard; guided-tour-tutorial; productivity-dashboard; intranet-design; internal-tool; ban-block; draw-annotate; erp-system-dashboard; move; invite-refer-friends; other-action; schedule; calendar; canvas; employee-hr-dashboard; reporting-dashboard; inventory-ui"
"Evernote",24,"Goal &amp; Task; Feature Info; Activity Log; Custom Dashboard; Admin Dashboard; Admin Panel; Search Engine Design; Login; Drag And Drop Dashboard; Cybersecurity Dashboard; Search Dashboard; Bookmarks &amp; Collections; Note Detail; Import &amp; Export; Delete; Draw &amp; Annotate; Favorite &amp; Pin; Date &amp; Time; Schedule; Calendar; Audio &amp; Video Recorder; Canvas; Media Editor; Event Dashboard","goal-task; feature-info; activity-log; custom-dashboard; admin-dashboard; admin-panel; search-engine-design; login; drag-and-drop-dashboard; cybersecurity-dashboard; search-dashboard; bookmarks-collections; note-detail; import-export; delete; draw-annotate; favorite-pin; date-time; schedule; calendar; audio-video-recorder; canvas; media-editor; event-dashboard"
"Sprout Social",24,"Feedback; Help &amp; Support; Social Feed; Notifications; Custom Dashboard; Client Dashboard; Followers &amp; Following; Business Dashboard Examples; Account Setup; Search Engine Design; Verification; Marketing Dashboard; Delete &amp; Deactivate Account; Productivity Dashboard; Intranet Design; Affiliate Dashboard; Bookmarks &amp; Collections; Import &amp; Export; Draw &amp; Annotate; Filter &amp; Sort; Schedule; Misc; Reporting Dashboard; Email Interface","feedback; help-support; social-feed; notifications; custom-dashboard; client-dashboard; followers-following; business-dashboard-examples; account-setup; search-engine-design; verification; marketing-dashboard; delete-deactivate-account; productivity-dashboard; intranet-design; affiliate-dashboard; bookmarks-collections; import-export; draw-annotate; filter-sort; business-dashboard; schedule; misc; reporting-dashboard; email-interface"
"Todoist",24,"Payment Method; Loading; Goal &amp; Task; Achievements &amp; Awards; Other Content; Notifications; Activity Log; Order History; Client Dashboard; Team Dashboard; Operations Dashboard; Productivity Dashboard; Note Detail; Filter &amp; Sort; Favorite &amp; Pin; Kanban Board; Move; Schedule; Dark Mode; Management Dashboard; Calendar; Audio &amp; Video Recorder; QR Code; Timer &amp; Clock","payment-method; loading; goal-task; achievements-awards; other-content; notifications; activity-log; order-history; client-dashboard; team-dashboard; operations-dashboard; productivity-dashboard; note-detail; filter-sort; favorite-pin; kanban-board; move; schedule; dark-mode; management-dashboard; calendar; audio-video-recorder; qr-code; timer-clock"
"Typeform",24,"Pricing; Permission; Subscription &amp; Paywall; Promotions &amp; Rewards; Feature Info; Skip Button; Edit Button; Form Builder; Account Setup; Search Dashboard; Internal Tool; Bookmarks &amp; Collections; Quiz; Cancel; Delete; Move; Modern Dashboard Design; Reorder; Progress; Upload &amp; Download; Canvas; Media Editor; Inventory UI; Analytics Dashboard","pricing; permission; subscription-paywall; promotions-rewards; feature-info; skip-button; edit-button; form-builder; account-setup; search-dashboard; internal-tool; bookmarks-collections; quiz; cancel; delete; move; modern-dashboard-design; reorder; progress; upload-download; canvas; media-editor; inventory-ui; analytics-dashboard"
"15Five",23,"Class &amp; Lesson Detail; Activity Log; Skip Button; My Account &amp; Profile; Signup; Cybersecurity Dashboard; Guided Tour &amp; Tutorial; Productivity Dashboard; Intranet Design; Dashboard; Ban &amp; Block; Customer Dashboard; Quiz; Delete; Ranking Dashboard; ERP System Dashboard; Video Player; Modern Dashboard Design; Personal Dashboard; Employee HR Dashboard; Campaign Dashboard; Reporting Dashboard; Customer Profile Software","class-lesson-detail; activity-log; skip-button; my-account-profile; signup; cybersecurity-dashboard; guided-tour-tutorial; productivity-dashboard; intranet-design; dashboard; ban-block; customer-dashboard; quiz; delete; ranking-dashboard; erp-system-dashboard; video-player; modern-dashboard-design; personal-dashboard; employee-hr-dashboard; campaign-dashboard; reporting-dashboard; customer-profile-software"
"Causal",23,"Action Option; Empty State; Other Content; Comments; Wallet &amp; Balance; Home; SaaS Dashboard; Owner Dashboard; Forgot Password; Chat Bot; Import &amp; Export; Supply Chain Dashboard; Draw &amp; Annotate; ERP System Dashboard; Favorite &amp; Pin; Command Palette; Business Dashboard Examples; Modern Dashboard Design; Charts; Share; Metrics Dashboard; Inventory Management Dashboard; Revenue Dashboard","action-option; empty-state; other-content; comments; wallet-balance; home; saas-dashboard; owner-dashboard; forgot-password; chat-bot; import-export; supply-chain-dashboard; draw-annotate; erp-system-dashboard; favorite-pin; command-palette; business-dashboard; modern-dashboard-design; charts; share; metrics-dashboard; inventory-management-dashboard; revenue-dashboard"
"Cloudflare",23,"Activity Log; Log Dashboard; AI Dashboard; SEO Dashboard Examples; SaaS Dashboard; Taxi Dashboard; Admin Panel; Operations Dashboard; Monitoring Dashboard; Search Engine Design; Cybersecurity Dashboard; Dashboard; Customer Dashboard; Supply Chain Dashboard; Business Dashboard Examples; Map; Web App Design; Personal Dashboard; QR Code; Metrics Dashboard; Reporting Dashboard; Network Monitoring Dashboard; Analytics Dashboard","activity-log; log-dashboard; ai-dashboard; seo-dashboard-examples; saas-dashboard; taxi-dashboard; admin-panel; operations-dashboard; monitoring-dashboard; search-engine-design; cybersecurity-dashboard; dashboard; customer-dashboard; supply-chain-dashboard; business-dashboard; map; web-app-design; personal-dashboard; qr-code; metrics-dashboard; reporting-dashboard; network-monitoring-dashboard; analytics-dashboard"
"Grok",23,"Activity Log; Log Dashboard; AI Dashboard; SaaS Dashboard; Voice User Interface; Skip Button; Interactive Dashboard; Search Engine Design; Confirmation; Delete &amp; Deactivate Account; Forgot Password; Customer Dashboard; Chat Bot; AI Chat UI; Command Palette; Dark Mode; Map; Management Dashboard; Calendar; Personal Dashboard; Metrics Dashboard; Best Dashboards; Network Monitoring Dashboard","activity-log; log-dashboard; ai-dashboard; saas-dashboard; voice-user-interface; skip-button; interactive-dashboard; search-engine-design; confirmation; delete-deactivate-account; forgot-password; customer-dashboard; chat-bot; ai-chat-ui; command-palette; dark-mode; map; management-dashboard; calendar; personal-dashboard; metrics-dashboard; best-dashboards; network-monitoring-dashboard"
"Replit",23,"Shop &amp; Storefront; Permission; Emails &amp; Messages; Invite Teammates; Code Editor; Class &amp; Lesson Detail; Time Tracker; Log Dashboard; AI Dashboard; Cancel Button; Account Setup; Acknowledgement &amp; Success; Chat Bot; Import &amp; Export; Favorite &amp; Pin; Flag &amp; Report; Command Palette; Timeline &amp; History; Multi-Column Layout; Share; Select; Progress; Best Dashboards","shop-storefront; permission; emails-messages; invite-teammates; code-editor; class-lesson-detail; time-tracker; log-dashboard; ai-dashboard; cancel-button; account-setup; acknowledgement-success; chat-bot; import-export; favorite-pin; flag-report; command-palette; timeline-history; multi-column-layout; share; select; progress; best-dashboards"
"Threads",23,"Invite Teammates; Social Feed; Notifications; Conversational UI Examples; Social Media Dashboard; Account Setup; My Account &amp; Profile; Login; Guided Tour &amp; Tutorial; Delete &amp; Deactivate Account; Note Detail; Ban &amp; Block; Post Detail; AI Chat UI; Favorite &amp; Pin; Flag &amp; Report; Call; Follow &amp; Subscribe; Like &amp; Upvote; Audio Player; Audio &amp; Video Recorder; Timer &amp; Clock; Email Interface","invite-teammates; social-feed; notifications; conversational-ui-examples; social-media-dashboard; account-setup; my-account-profile; login; guided-tour-tutorial; delete-deactivate-account; note-detail; ban-block; post-detail; ai-chat-ui; favorite-pin; flag-report; call; follow-subscribe; like-upvote; audio-player; audio-video-recorder; timer-clock; email-interface"
"Upwork",23,"Emails &amp; Messages; Publish; Activity Log; Time Tracker; Client Dashboard; Form Builder; Business Dashboard Examples; Account Setup; My Account &amp; Profile; Delete; Flag &amp; Report; Other Action; Reorder; Search; Trash &amp; Archive; Personal Dashboard; Personal Finance Dashboard; QR Code; Metrics Dashboard; Budget Dashboard; Email Interface; Customer Profile Software; Revenue Dashboard","emails-messages; publish; activity-log; time-tracker; client-dashboard; form-builder; business-dashboard-examples; account-setup; my-account-profile; delete; flag-report; other-action; reorder; search; trash-archive; personal-dashboard; personal-finance-dashboard; qr-code; metrics-dashboard; budget-dashboard; email-interface; customer-profile-software; revenue-dashboard"
"7shifts",22,"Promotions &amp; Rewards; Activity Log; Time Tracker; Log Dashboard; Web Form UI; Taxi Dashboard; Search Engine Design; Employee Dashboard; Productivity Dashboard; Intranet Design; Customer Dashboard; Supply Chain Dashboard; ERP System Dashboard; Business Dashboard Examples; Timeline &amp; History; Calendar; Personal Dashboard; Employee HR Dashboard; Metrics Dashboard; Reporting Dashboard; Email Interface; Revenue Dashboard","promotions-rewards; activity-log; time-tracker; log-dashboard; form-design; taxi-dashboard; search-engine-design; employee-dashboard; productivity-dashboard; intranet-design; customer-dashboard; supply-chain-dashboard; erp-system-dashboard; business-dashboard; timeline-history; calendar; personal-dashboard; employee-hr-dashboard; metrics-dashboard; reporting-dashboard; email-interface; revenue-dashboard"
"Booking.com",22,"Payment Method; Order Confirmation; Emails &amp; Messages; Checkout; Wallet &amp; Balance; Notifications; Order History; Order Detail; Web Form UI; My Account &amp; Profile; Confirmation; Owner Dashboard; Guided Tour &amp; Tutorial; Save; Product Detail; Cancel; Delete; Filter &amp; Sort; Like &amp; Upvote; Select; Misc; Personal Finance Dashboard","payment-method; order-confirmation; emails-messages; checkout; wallet-balance; notifications; order-history; order-detail; form-design; my-account-profile; confirmation; owner-dashboard; guided-tour-tutorial; save; product-detail; cancel; delete; filter-sort; like-upvote; select; misc; personal-finance-dashboard"
"Chronicle",22,"Action Option; Empty State; Suggestions &amp; Similar Items; Billing; Pricing; Subscription &amp; Paywall; Publish; Confirmation; Error; Settings &amp; Preferences; Acknowledgement &amp; Success; Edit; Import &amp; Export; Add &amp; Create; Delete; Reorder; Share; Select; Trash &amp; Archive; Progress; Upload &amp; Download; Canvas","action-option; empty-state; suggestions-similar-items; billing; pricing; subscription-paywall; publish; confirmation; error; settings-preferences; acknowledgement-success; edit; import-export; add-create; delete; reorder; share; select; trash-archive; progress; upload-download; canvas"
"Vimeo",22,"Permission; Promotions &amp; Rewards; Feature Info; Custom Dashboard; Taxi Dashboard; Product Dashboard; Voice User Interface; Form Builder; My Account &amp; Profile; Drag And Drop Dashboard; Dashboard; Cancel; Delete; Flag &amp; Report; Move; Modern Dashboard Design; Dashboard Images; Calendar; Audio &amp; Video Recorder; Timer &amp; Clock; Analytics Dashboard; Event Dashboard","permission; promotions-rewards; feature-info; custom-dashboard; taxi-dashboard; product-dashboard; voice-user-interface; form-builder; my-account-profile; drag-and-drop-dashboard; dashboard; cancel; delete; flag-report; move; modern-dashboard-design; dashboard-images; calendar; audio-video-recorder; timer-clock; analytics-dashboard; event-dashboard"
"X",22,"Billing; Browse &amp; Discover; Followers &amp; Following; Admin Panel; Social Media Dashboard; Search Engine Design; Error; Marketing Dashboard; Delete &amp; Deactivate Account; Internal Tool; Bookmarks &amp; Collections; Post Detail; Supply Chain Dashboard; Ranking Dashboard; Flag &amp; Report; Follow &amp; Subscribe; Map; Misc; Management Dashboard; Media Editor; QR Code; Analytics Dashboard","billing; browse-discover; followers-following; admin-panel; social-media-dashboard; search-engine-design; error; marketing-dashboard; delete-deactivate-account; internal-tool; bookmarks-collections; post-detail; supply-chain-dashboard; ranking-dashboard; flag-report; follow-subscribe; map; misc; management-dashboard; media-editor; qr-code; analytics-dashboard"
"Confluence",21,"Time Tracker; Admin Dashboard; Followers &amp; Following; Admin Panel; Team Dashboard; Account Setup; Owner Dashboard; Search Dashboard; Intranet Design; Internal Tool; Note Detail; Chat Bot; Delete; Modern Dashboard Design; Like &amp; Upvote; Schedule; Charts; Progress; Canvas; Media Editor; Best Dashboards","time-tracker; admin-dashboard; followers-following; admin-panel; team-dashboard; account-setup; owner-dashboard; search-dashboard; intranet-design; internal-tool; note-detail; chat-bot; delete; modern-dashboard-design; like-upvote; schedule; charts; progress; canvas; media-editor; best-dashboards"
"folk",21,"Action Option; Emails &amp; Messages; Chat Detail; Home; Log Dashboard; Custom Dashboard; Account Setup; Login; Affiliate Dashboard; Save; Favorite &amp; Pin; Kanban Board; Business Dashboard Examples; Date &amp; Time; Other Action; Timeline &amp; History; Share; Email Marketing Dashboard; Email Interface; Customer Profile Software; Revenue Dashboard","action-option; emails-messages; chat-detail; home; log-dashboard; custom-dashboard; account-setup; login; affiliate-dashboard; save; favorite-pin; kanban-board; business-dashboard; date-time; other-action; timeline-history; share; email-marketing-dashboard; email-interface; customer-profile-software; revenue-dashboard"
"Google Maps",21,"Feedback; Help &amp; Support; User / Group Profile; Reviews &amp; Ratings; Game Dashboard; Error; Internal Tool; Save; Post Detail; Edit; Import &amp; Export; Delete; Filter &amp; Sort; Flag &amp; Report; Follow &amp; Subscribe; Like &amp; Upvote; Reorder; Timeline &amp; History; Search; Select; Map","feedback; help-support; user-group-profile; reviews-ratings; game-dashboard; error; internal-tool; save; post-detail; edit; import-export; delete; filter-sort; flag-report; follow-subscribe; like-upvote; reorder; timeline-history; search; select; map"
"Hotjar",21,"Goal &amp; Task; Promotions &amp; Rewards; Custom Dashboard; SEO Dashboard; SEO Dashboard Examples; Admin Dashboard; Taxi Dashboard; Cancel Button; IoT Dashboard; Form Builder; Marketing Dashboard; Owner Dashboard; Intranet Design; Customer Dashboard; Video Player; Call; Modern Dashboard Design; Multi-Column Layout; Personal Dashboard; Network Monitoring Dashboard; Analytics Dashboard","goal-task; promotions-rewards; custom-dashboard; seo-dashboard; seo-dashboard-examples; admin-dashboard; taxi-dashboard; cancel-button; iot-dashboard; form-builder; marketing-dashboard; owner-dashboard; intranet-design; customer-dashboard; video-player; call; modern-dashboard-design; multi-column-layout; personal-dashboard; network-monitoring-dashboard; analytics-dashboard"
"Jira",21,"Goal &amp; Task; Notifications; Time Tracker; Custom Dashboard; Browse &amp; Discover; Admin Panel; Skip Button; Form Builder; Drag And Drop Dashboard; Intranet Design; Command Palette; Kanban Board; Move; Modern Dashboard Design; Like &amp; Upvote; Trash &amp; Archive; Orange Gradient; Progress; Personal Dashboard; Best Dashboards; Customer Profile Software","goal-task; notifications; time-tracker; custom-dashboard; browse-discover; admin-panel; skip-button; form-builder; drag-and-drop-dashboard; intranet-design; command-palette; kanban-board; move; modern-dashboard-design; like-upvote; trash-archive; orange-gradient; progress; personal-dashboard; best-dashboards; customer-profile-software"
"Medium",21,"Other Content; Article Detail; Social Feed; User / Group Profile; Order History; Web Form UI; Followers &amp; Following; Guided Tour &amp; Tutorial; Delete &amp; Deactivate Account; Internal Tool; Save; Bookmarks &amp; Collections; Ban &amp; Block; Cancel; Draw &amp; Annotate; Flag &amp; Report; Invite &amp; Refer Friends; Like &amp; Upvote; Set; Audio Player; QR Code","other-content; article-detail; social-feed; user-group-profile; order-history; form-design; followers-following; guided-tour-tutorial; delete-deactivate-account; internal-tool; save; bookmarks-collections; ban-block; cancel; draw-annotate; flag-report; invite-refer-friends; like-upvote; set; audio-player; qr-code"
"Origin",21,"Promotions &amp; Rewards; Wallet &amp; Balance; Home; Time Tracker; Client Dashboard; Taxi Dashboard; Finance Dashboard; Login; Signup; Guided Tour &amp; Tutorial; Forgot Password; Chat Bot; Invite &amp; Refer Friends; Progress; Personal Dashboard; Personal Finance Dashboard; Accounting Software Dashboard; Budget Dashboard; Revenue Dashboard; Portfolio Dashboard; Investment Dashboard","promotions-rewards; wallet-balance; home; time-tracker; client-dashboard; taxi-dashboard; finance-dashboard; login; signup; guided-tour-tutorial; forgot-password; chat-bot; invite-refer-friends; progress; personal-dashboard; personal-finance-dashboard; accounting-software-dashboard; budget-dashboard; revenue-dashboard; portfolio-dashboard; investment-dashboard"
"PandaDoc",21,"Billing; Pricing; Permission; Comments; Chat Detail; Promotions &amp; Rewards; Home; Admin Panel; Edit Button; Form Builder; Business Dashboard Examples; Search Engine Design; Guided Tour &amp; Tutorial; Productivity Dashboard; Draw &amp; Annotate; Timeline &amp; History; Multi-Column Layout; Canvas; Best Dashboards; Reporting Dashboard; Inventory UI","billing; pricing; permission; comments; chat-detail; promotions-rewards; home; admin-panel; edit-button; form-builder; business-dashboard-examples; search-engine-design; guided-tour-tutorial; productivity-dashboard; draw-annotate; timeline-history; multi-column-layout; canvas; best-dashboards; reporting-dashboard; inventory-ui"
"VEED",21,"Payment Method; Billing; Permission; Checkout; Promotions &amp; Rewards; Product Dashboard; Voice User Interface; Chat Bot; Draw &amp; Annotate; Video Player; Move; Business Dashboard Examples; Dashboard Images; Reorder; Trash &amp; Archive; Orange Gradient; Audio Player; Audio &amp; Video Recorder; Media Editor; Timer &amp; Clock; Analytics Dashboard","payment-method; billing; permission; checkout; promotions-rewards; product-dashboard; voice-user-interface; chat-bot; draw-annotate; video-player; move; business-dashboard; dashboard-images; reorder; trash-archive; orange-gradient; audio-player; audio-video-recorder; media-editor; timer-clock; analytics-dashboard"
"Amie",20,"Feedback; Goal &amp; Task; Emails &amp; Messages; Event Detail; Time Tracker; Edit Button; My Account &amp; Profile; Login; Acknowledgement &amp; Success; Note Detail; Cancel; AI Chat UI; Command Palette; Invite &amp; Refer Friends; Schedule; Reorder; Map; Upload &amp; Download; Audio Player; Calendar","feedback; goal-task; emails-messages; event-detail; time-tracker; edit-button; my-account-profile; login; acknowledgement-success; note-detail; cancel; ai-chat-ui; command-palette; invite-refer-friends; schedule; reorder; map; upload-download; audio-player; calendar"
"Hashnode",20,"Achievements &amp; Awards; Invite Teammates; Log Dashboard; SaaS Dashboard; Admin Dashboard; Admin Panel; My Account &amp; Profile; Search Engine Design; Owner Dashboard; Search Dashboard; Note Detail; Customer Dashboard; Chat Bot; Follow &amp; Subscribe; Modern Dashboard Design; Schedule; Set; Metrics Dashboard; Analytics Dashboard; Customer Profile Software","achievements-awards; invite-teammates; log-dashboard; saas-dashboard; admin-dashboard; admin-panel; my-account-profile; search-engine-design; owner-dashboard; search-dashboard; note-detail; customer-dashboard; chat-bot; follow-subscribe; modern-dashboard-design; schedule; set; metrics-dashboard; analytics-dashboard; customer-profile-software"
"Instagram",20,"Feedback; Suggestions &amp; Similar Items; Chat Detail; Followers &amp; Following; Product Dashboard; Edit Button; Social Media Dashboard; Login; Delete &amp; Deactivate Account; Ban &amp; Block; Stories; Video Player; Call; Dashboard Images; Like &amp; Upvote; Share; Orange Gradient; Misc; Media Editor; QR Code","feedback; suggestions-similar-items; chat-detail; followers-following; product-dashboard; edit-button; social-media-dashboard; login; delete-deactivate-account; ban-block; stories; video-player; call; dashboard-images; like-upvote; share; orange-gradient; misc; media-editor; qr-code"
"monday.com",20,"Help &amp; Support; Code Editor; Reviews &amp; Ratings; Browse &amp; Discover; Admin UI; Client Dashboard; Admin Dashboard; Team Dashboard; Operations Dashboard; Owner Dashboard; Search Dashboard; Note Detail; Import &amp; Export; Favorite &amp; Pin; Kanban Board; Like &amp; Upvote; Reorder; Trash &amp; Archive; Management Dashboard; Best Dashboards","help-support; code-editor; reviews-ratings; browse-discover; admin-ui; client-dashboard; admin-dashboard; team-dashboard; operations-dashboard; owner-dashboard; search-dashboard; note-detail; import-export; favorite-pin; kanban-board; like-upvote; reorder; trash-archive; management-dashboard; best-dashboards"
"Pitch",20,"Help &amp; Support; Billing; Invite Teammates; Home; Team Dashboard; Login; Signup; Guided Tour &amp; Tutorial; Delete &amp; Deactivate Account; Intranet Design; Cancel; Command Palette; Move; Reorder; Timeline &amp; History; Share; Upload &amp; Download; Audio &amp; Video Recorder; Timer &amp; Clock; Inventory UI","help-support; billing; invite-teammates; home; team-dashboard; login; signup; guided-tour-tutorial; delete-deactivate-account; intranet-design; cancel; command-palette; move; reorder; timeline-history; share; upload-download; audio-video-recorder; timer-clock; inventory-ui"
"Spotify",20,"Feedback; Pricing; Subscription &amp; Paywall; Event Detail; Feature Info; Order History; Followers &amp; Following; My Account &amp; Profile; Confirmation; Signup; Song &amp; Podcast Detail; Cancel; Flag &amp; Report; Video Player; Other Action; Reorder; Trash &amp; Archive; Audio Player; Playlists; Timer &amp; Clock","feedback; pricing; subscription-paywall; event-detail; feature-info; order-history; followers-following; my-account-profile; confirmation; signup; song-podcast-detail; cancel; flag-report; video-player; other-action; reorder; trash-archive; audio-player; playlists; timer-clock"
"Workable",20,"Goal &amp; Task; Comments; Invite Teammates; Publish; Home; Admin Panel; Search Engine Design; Employee Dashboard; Intranet Design; Forgot Password; Affiliate Dashboard; Follow &amp; Subscribe; Orange Gradient; Upload &amp; Download; Web App Design; Personal Dashboard; Employee HR Dashboard; Accounting Software Dashboard; Reporting Dashboard; Email Interface","goal-task; comments; invite-teammates; publish; home; admin-panel; search-engine-design; employee-dashboard; intranet-design; forgot-password; affiliate-dashboard; follow-subscribe; orange-gradient; upload-download; web-app-design; personal-dashboard; employee-hr-dashboard; accounting-software-dashboard; reporting-dashboard; email-interface"
"1Password",19,"Billing; Other Content; Invite Teammates; Activity Log; Log Dashboard; Edit Button; Error; Employee Dashboard; Productivity Dashboard; Intranet Design; ERP System Dashboard; Follow &amp; Subscribe; Move; Progress; Upload &amp; Download; Misc; Personal Dashboard; Media Editor; Reporting Dashboard","billing; other-content; invite-teammates; activity-log; log-dashboard; edit-button; error; employee-dashboard; productivity-dashboard; intranet-design; erp-system-dashboard; follow-subscribe; move; progress; upload-download; misc; personal-dashboard; media-editor; reporting-dashboard"
"KAYAK",19,"Order Confirmation; Suggestions &amp; Similar Items; Reviews &amp; Ratings; Order History; Order Detail; Admin UI; Followers &amp; Following; Taxi Dashboard; Admin Panel; My Account &amp; Profile; Search Engine Design; Verification; Save; Customer Dashboard; Cancel; Import &amp; Export; Filter &amp; Sort; Map; Personal Dashboard","order-confirmation; suggestions-similar-items; reviews-ratings; order-history; order-detail; admin-ui; followers-following; taxi-dashboard; admin-panel; my-account-profile; search-engine-design; verification; save; customer-dashboard; cancel; import-export; filter-sort; map; personal-dashboard"
"Klaviyo",19,"Payment Method; Comments; Code Editor; Publish; Checkout; Promotions &amp; Rewards; Client Dashboard; Form Builder; Business Dashboard Examples; Confirmation; Marketing Dashboard; Productivity Dashboard; Import &amp; Export; Delete; Modern Dashboard Design; Email Marketing Dashboard; Metrics Dashboard; Campaign Dashboard; Reporting Dashboard","payment-method; comments; code-editor; publish; checkout; promotions-rewards; client-dashboard; form-builder; business-dashboard-examples; confirmation; marketing-dashboard; productivity-dashboard; import-export; delete; business-dashboard; modern-dashboard-design; email-marketing-dashboard; metrics-dashboard; campaign-dashboard; reporting-dashboard"
"Outseta",19,"SaaS Dashboard; Taxi Dashboard; Signup; Marketing Dashboard; Productivity Dashboard; Customer Service Dashboard; Intranet Design; Save; Customer Dashboard; Import &amp; Export; Draw &amp; Annotate; ERP System Dashboard; Business Dashboard Examples; Modern Dashboard Design; Email Marketing Dashboard; Personal Dashboard; Metrics Dashboard; Campaign Dashboard; Email Interface","saas-dashboard; taxi-dashboard; signup; marketing-dashboard; productivity-dashboard; customer-service-dashboard; intranet-design; save; customer-dashboard; import-export; draw-annotate; erp-system-dashboard; business-dashboard; modern-dashboard-design; email-marketing-dashboard; personal-dashboard; metrics-dashboard; campaign-dashboard; email-interface"
"Walmart",19,"Order Confirmation; Billing; Shop &amp; Storefront; Promotions &amp; Rewards; Web Shopping Cart; Order History; Order Detail; Browse &amp; Discover; Guided Tour &amp; Tutorial; Recipe Detail; Cancel; Point Of Sale Design; Favorite &amp; Pin; Flag &amp; Report; Like &amp; Upvote; Ecommerce Analytics Dashboard; Misc; Charity Web Design; Ecommerce Dashboard","order-confirmation; billing; shop-storefront; promotions-rewards; shopping-cart-ui; order-history; order-detail; browse-discover; guided-tour-tutorial; recipe-detail; cancel; point-of-sale-design; favorite-pin; flag-report; like-upvote; ecommerce-analytics-dashboard; misc; charity-web-design; ecommerce-dashboard"
"Wise",19,"Payment Method; Wallet &amp; Balance; Taxi Dashboard; Skip Button; IoT Dashboard; Finance Dashboard; My Account &amp; Profile; Login; Confirmation; Forgot Password; Transfer &amp; Send Money; Cancel; Delete; Invite &amp; Refer Friends; Schedule; Misc; Media Editor; QR Code; Accounting Software Dashboard","payment-method; wallet-balance; taxi-dashboard; skip-button; iot-dashboard; finance-dashboard; my-account-profile; login; confirmation; forgot-password; transfer-send-money; cancel; delete; invite-refer-friends; schedule; misc; media-editor; qr-code; accounting-software-dashboard"
"Aboard",18,"Goal &amp; Task; Other Content; Event Detail; Activity Log; Time Tracker; Taxi Dashboard; Form Builder; Employee Dashboard; Intranet Design; Note Detail; Post Detail; Kanban Board; Move; Map; Personal Dashboard; Employee HR Dashboard; Timer &amp; Clock; Customer Profile Software","goal-task; other-content; event-detail; activity-log; time-tracker; taxi-dashboard; form-builder; employee-dashboard; intranet-design; note-detail; post-detail; kanban-board; move; map; personal-dashboard; employee-hr-dashboard; timer-clock; customer-profile-software"
"Luma",18,"Pricing; Subscription &amp; Paywall; User / Group Profile; Event Detail; Feature Info; Browse &amp; Discover; Admin UI; Followers &amp; Following; Admin Panel; Marketing Dashboard; Command Palette; Move; Schedule; Reorder; Share; Map; Progress; Event Dashboard","pricing; subscription-paywall; user-group-profile; event-detail; feature-info; browse-discover; admin-ui; followers-following; admin-panel; marketing-dashboard; command-palette; move; schedule; reorder; share; map; progress; event-dashboard"
"MasterClass",18,"Feedback; Payment Method; Suggestions &amp; Similar Items; Social Feed; Class &amp; Lesson Detail; Notifications; Browse &amp; Discover; Cancel Button; LMS Dashboard; News Feed; Note Detail; Post Detail; Recipe Detail; Follow &amp; Subscribe; Invite &amp; Refer Friends; Like &amp; Upvote; Schedule; Playlists","feedback; payment-method; suggestions-similar-items; social-feed; class-lesson-detail; notifications; browse-discover; cancel-button; lms-dashboard; news-feed; note-detail; post-detail; recipe-detail; follow-subscribe; invite-refer-friends; like-upvote; schedule; playlists"
"Nike",18,"Payment Method; Order Confirmation; Shop &amp; Storefront; Event Detail; Checkout; Reviews &amp; Ratings; Web Shopping Cart; Order Detail; Edit Button; Web Product Configurator; Verification; 3D Configurator; Forgot Password; Product Detail; Stories; Point Of Sale Design; Follow &amp; Subscribe; Misc","payment-method; order-confirmation; shop-storefront; event-detail; checkout; reviews-ratings; shopping-cart-ui; order-detail; edit-button; web-product-configurator; verification; 3d-configurator; forgot-password; product-detail; stories; point-of-sale-design; follow-subscribe; misc"
"Perplexity",18,"Invite Teammates; Chat Detail; Wallet &amp; Balance; Browse &amp; Discover; Voice User Interface; Search Engine Design; Signup; News Feed; Bookmarks &amp; Collections; Chat Bot; Supply Chain Dashboard; AI Chat UI; Ranking Dashboard; Video Player; Invite &amp; Refer Friends; Map; Portfolio Dashboard; Investment Dashboard","invite-teammates; chat-detail; wallet-balance; browse-discover; voice-user-interface; search-engine-design; signup; news-feed; bookmarks-collections; chat-bot; supply-chain-dashboard; ai-chat-ui; ranking-dashboard; video-player; invite-refer-friends; map; portfolio-dashboard; investment-dashboard"
"Plain",18,"Help &amp; Support; Goal &amp; Task; Emails &amp; Messages; Code Editor; Monitoring Dashboard; Business Dashboard Examples; Search Engine Design; Productivity Dashboard; Customer Service Dashboard; Customer Dashboard; Supply Chain Dashboard; Move; Reorder; Timeline &amp; History; Progress; Metrics Dashboard; Reporting Dashboard; Email Interface","help-support; goal-task; emails-messages; code-editor; monitoring-dashboard; business-dashboard-examples; search-engine-design; productivity-dashboard; customer-service-dashboard; customer-dashboard; supply-chain-dashboard; move; reorder; timeline-history; progress; metrics-dashboard; reporting-dashboard; email-interface"
"Profound",18,"Activity Log; Log Dashboard; AI Dashboard; Custom Dashboard; SEO Dashboard; SEO Dashboard Examples; Skip Button; Marketing Dashboard; Productivity Dashboard; Supply Chain Dashboard; Ranking Dashboard; Business Dashboard Examples; Modern Dashboard Design; Calendar; Best Dashboards; Reporting Dashboard; Network Monitoring Dashboard; Analytics Dashboard","activity-log; log-dashboard; ai-dashboard; custom-dashboard; seo-dashboard; seo-dashboard-examples; skip-button; marketing-dashboard; productivity-dashboard; supply-chain-dashboard; ranking-dashboard; business-dashboard; modern-dashboard-design; calendar; best-dashboards; reporting-dashboard; network-monitoring-dashboard; analytics-dashboard"
"Quicken",18,"Achievements &amp; Awards; Home; Log Dashboard; Client Dashboard; Finance Dashboard; Interactive Dashboard; Login; Search Dashboard; ERP System Dashboard; Multi-Column Layout; Calendar; Personal Dashboard; Personal Finance Dashboard; Accounting Software Dashboard; Budget Dashboard; Revenue Dashboard; Portfolio Dashboard; Investment Dashboard","achievements-awards; home; log-dashboard; client-dashboard; finance-dashboard; interactive-dashboard; login; search-dashboard; erp-system-dashboard; multi-column-layout; calendar; personal-dashboard; personal-finance-dashboard; accounting-software-dashboard; budget-dashboard; revenue-dashboard; portfolio-dashboard; investment-dashboard"
"Revolut",18,"Payment Method; Order Confirmation; Help &amp; Support; Other Content; Home; Order Detail; IoT Dashboard; Finance Dashboard; My Account &amp; Profile; Search Engine Design; Login; News Feed; Chat Bot; Transfer &amp; Send Money; Personal Dashboard; QR Code; Portfolio Dashboard; Investment Dashboard","payment-method; order-confirmation; help-support; other-content; home; order-detail; iot-dashboard; finance-dashboard; my-account-profile; search-engine-design; login; news-feed; chat-bot; transfer-send-money; personal-dashboard; qr-code; portfolio-dashboard; investment-dashboard"
"Sana AI",18,"Emails &amp; Messages; Chat Detail; Article Detail; Reviews &amp; Ratings; Home; Log Dashboard; AI Dashboard; Custom Dashboard; Search Engine Design; Login; Signup; Search Dashboard; Chat Bot; AI Chat UI; Business Dashboard Examples; Multi-Column Layout; Dark Mode; Calendar","emails-messages; chat-detail; article-detail; reviews-ratings; home; log-dashboard; ai-dashboard; custom-dashboard; search-engine-design; login; signup; search-dashboard; chat-bot; ai-chat-ui; business-dashboard; multi-column-layout; dark-mode; calendar"
"Skillshare",18,"Payment Method; Billing; Pricing; Achievements &amp; Awards; Subscription &amp; Paywall; Class &amp; Lesson Detail; Reviews &amp; Ratings; Promotions &amp; Rewards; Browse &amp; Discover; Followers &amp; Following; Game Dashboard; My Account &amp; Profile; Error; LMS Dashboard; Post Detail; Video Player; Follow &amp; Subscribe; Like &amp; Upvote","payment-method; billing; pricing; achievements-awards; subscription-paywall; class-lesson-detail; reviews-ratings; promotions-rewards; browse-discover; followers-following; game-dashboard; my-account-profile; error; lms-dashboard; post-detail; video-player; follow-subscribe; like-upvote"
"Wrike",18,"Goal &amp; Task; Invite Teammates; Time Tracker; Custom Dashboard; Construction Project Dashboard; Productivity Dashboard; Intranet Design; Note Detail; ERP System Dashboard; Kanban Board; Modern Dashboard Design; Multi-Column Layout; Management Dashboard; Calendar; Personal Dashboard; Best Dashboards; Reporting Dashboard; Event Dashboard","goal-task; invite-teammates; time-tracker; custom-dashboard; construction-project-dashboard; productivity-dashboard; intranet-design; note-detail; erp-system-dashboard; kanban-board; modern-dashboard-design; multi-column-layout; management-dashboard; calendar; personal-dashboard; best-dashboards; reporting-dashboard; event-dashboard"
"Base44",17,"Custom Dashboard; SEO Dashboard Examples; Taxi Dashboard; Admin Panel; Drag And Drop Dashboard; Marketing Dashboard; Cybersecurity Dashboard; Customer Service Dashboard; AI Chat UI; Modern Dashboard Design; Orange Gradient; Personal Finance Dashboard; Analytics Dashboard; Budget Dashboard; Revenue Dashboard; Portfolio Dashboard; Investment Dashboard","custom-dashboard; seo-dashboard-examples; taxi-dashboard; admin-panel; drag-and-drop-dashboard; marketing-dashboard; cybersecurity-dashboard; customer-service-dashboard; ai-chat-ui; modern-dashboard-design; orange-gradient; personal-finance-dashboard; analytics-dashboard; budget-dashboard; revenue-dashboard; portfolio-dashboard; investment-dashboard"
"Behance",17,"Order Confirmation; Social Feed; Wallet &amp; Balance; Order History; Web Interface; Product Dashboard; Delete &amp; Deactivate Account; Ban &amp; Block; Product Detail; Post Detail; Stories; Call; Dashboard Images; Other Action; Trash &amp; Archive; Progress; Timer &amp; Clock","order-confirmation; social-feed; wallet-balance; order-history; web-interface; product-dashboard; delete-deactivate-account; ban-block; product-detail; post-detail; stories; call; dashboard-images; other-action; trash-archive; progress; timer-clock"
"Fey",17,"Custom Dashboard; Client Dashboard; Finance Dashboard; Search Engine Design; Login; Signup; News Feed; Bookmarks &amp; Collections; Product Detail; Supply Chain Dashboard; ERP System Dashboard; Invite &amp; Refer Friends; Calendar; Inventory UI; Revenue Dashboard; Portfolio Dashboard; Investment Dashboard","custom-dashboard; client-dashboard; finance-dashboard; search-engine-design; login; signup; news-feed; bookmarks-collections; product-detail; supply-chain-dashboard; erp-system-dashboard; invite-refer-friends; calendar; inventory-ui; revenue-dashboard; portfolio-dashboard; investment-dashboard"
"Framer",17,"Comments; Code Editor; Checkout; Web Interface; SEO Dashboard Examples; SaaS Dashboard; Edit Button; Website Wireframes; UI Components; Website Prototype; Owner Dashboard; Internal Tool; Import &amp; Export; Command Palette; Move; Trash &amp; Archive; Canvas","comments; code-editor; checkout; web-interface; seo-dashboard-examples; saas-dashboard; edit-button; website-wireframes; ui-components; website-prototype; owner-dashboard; internal-tool; import-export; command-palette; move; trash-archive; canvas"
"June",17,"User / Group Profile; Home; Custom Dashboard; SaaS Dashboard; Taxi Dashboard; Marketing Dashboard; Customer Dashboard; Delete; Favorite &amp; Pin; Command Palette; Business Dashboard Examples; Reorder; Charts; Misc; Metrics Dashboard; Reporting Dashboard; Analytics Dashboard","user-group-profile; home; custom-dashboard; saas-dashboard; taxi-dashboard; marketing-dashboard; customer-dashboard; delete; favorite-pin; command-palette; business-dashboard; reorder; charts; misc; metrics-dashboard; reporting-dashboard; analytics-dashboard"
"Linktree",17,"Action Option; Time Tracker; Wizard UI; Admin Panel; Form Builder; Social Media Dashboard; Drag And Drop Dashboard; Verification; Delete &amp; Deactivate Account; Affiliate Dashboard; Ranking Dashboard; Business Dashboard Examples; Other Action; Share; Media Editor; QR Code; Analytics Dashboard","action-option; time-tracker; wizard-ui; admin-panel; form-builder; social-media-dashboard; drag-and-drop-dashboard; verification; delete-deactivate-account; affiliate-dashboard; ranking-dashboard; business-dashboard; other-action; share; media-editor; qr-code; analytics-dashboard"
"Navan",17,"Help &amp; Support; Invite Teammates; Promotions &amp; Rewards; Order History; Order Detail; Admin UI; Taxi Dashboard; Admin Panel; Signup; Guided Tour &amp; Tutorial; Productivity Dashboard; Supply Chain Dashboard; Ranking Dashboard; ERP System Dashboard; Orange Gradient; Budget Dashboard; Event Dashboard","help-support; invite-teammates; promotions-rewards; order-history; order-detail; admin-ui; taxi-dashboard; admin-panel; signup; guided-tour-tutorial; productivity-dashboard; supply-chain-dashboard; ranking-dashboard; erp-system-dashboard; orange-gradient; budget-dashboard; event-dashboard"
"OpenPhone",17,"Emails &amp; Messages; Chat Detail; User / Group Profile; Cancel Button; My Account &amp; Profile; Ban &amp; Block; Cancel; Import &amp; Export; Delete; Command Palette; Call; Like &amp; Upvote; Date &amp; Time; Dark Mode; Audio Player; Audio &amp; Video Recorder; Customer Profile Software","emails-messages; chat-detail; user-group-profile; cancel-button; my-account-profile; ban-block; cancel; import-export; delete; command-palette; call; like-upvote; date-time; dark-mode; audio-player; audio-video-recorder; customer-profile-software"
"Reddit",17,"Achievements &amp; Awards; Comments; Emails &amp; Messages; Chat Detail; User / Group Profile; Activity Log; Game Dashboard; Social Media Dashboard; Search Engine Design; Marketing Dashboard; Delete &amp; Deactivate Account; Post Detail; Other Action; Schedule; Reorder; Orange Gradient; Campaign Dashboard","achievements-awards; comments; emails-messages; chat-detail; user-group-profile; activity-log; game-dashboard; social-media-dashboard; search-engine-design; marketing-dashboard; delete-deactivate-account; post-detail; other-action; schedule; reorder; orange-gradient; campaign-dashboard"
"Runway",17,"Feedback; Invite Teammates; Promotions &amp; Rewards; Wallet &amp; Balance; AI Dashboard; Custom Dashboard; Website Wireframes; Login; Internal Tool; TV Show &amp; Movie Detail; Cancel; Flag &amp; Report; Move; Other Action; Audio Player; Canvas; Media Editor","feedback; invite-teammates; promotions-rewards; wallet-balance; ai-dashboard; custom-dashboard; website-wireframes; login; internal-tool; tv-show-movie-detail; cancel; flag-report; move; other-action; audio-player; canvas; media-editor"
"Supabase",17,"Help &amp; Support; Home; Log Dashboard; Custom Dashboard; SaaS Dashboard; Operations Dashboard; Monitoring Dashboard; Cybersecurity Dashboard; Search Dashboard; Command Palette; Modern Dashboard Design; Multi-Column Layout; Calendar; Metrics Dashboard; Best Dashboards; Reporting Dashboard; Network Monitoring Dashboard","help-support; home; log-dashboard; custom-dashboard; saas-dashboard; operations-dashboard; monitoring-dashboard; cybersecurity-dashboard; search-dashboard; command-palette; modern-dashboard-design; multi-column-layout; calendar; metrics-dashboard; best-dashboards; reporting-dashboard; network-monitoring-dashboard"
"Udemy",17,"Empty State; Suggestions &amp; Similar Items; Achievements &amp; Awards; Other Content; Comments; Code Editor; Class &amp; Lesson Detail; User / Group Profile; Reviews &amp; Ratings; Order History; LMS Dashboard; Save; Note Detail; Quiz; Cancel; Progress; Misc","empty-state; suggestions-similar-items; achievements-awards; other-content; comments; code-editor; class-lesson-detail; user-group-profile; reviews-ratings; order-history; lms-dashboard; save; note-detail; quiz; cancel; progress; misc"
"Vanta",17,"Goal &amp; Task; Activity Log; Log Dashboard; Client Dashboard; IoT Dashboard; Business Dashboard Examples; Cybersecurity Dashboard; Customer Dashboard; Supply Chain Dashboard; ERP System Dashboard; Reorder; Misc; Management Dashboard; Personal Dashboard; Employee HR Dashboard; Reporting Dashboard; Inventory UI","goal-task; activity-log; log-dashboard; client-dashboard; iot-dashboard; business-dashboard-examples; cybersecurity-dashboard; customer-dashboard; supply-chain-dashboard; erp-system-dashboard; reorder; misc; management-dashboard; personal-dashboard; employee-hr-dashboard; reporting-dashboard; inventory-ui"
"Zoho CRM",17,"Custom Dashboard; Taxi Dashboard; Admin Panel; Form Builder; UI Components; Drag And Drop Dashboard; Marketing Dashboard; Employee Dashboard; Owner Dashboard; Supply Chain Dashboard; Ranking Dashboard; ERP System Dashboard; Web App Design; Campaign Dashboard; Accounting Software Dashboard; Reporting Dashboard; Analytics Dashboard","custom-dashboard; taxi-dashboard; admin-panel; form-builder; ui-components; drag-and-drop-dashboard; marketing-dashboard; employee-dashboard; owner-dashboard; supply-chain-dashboard; ranking-dashboard; erp-system-dashboard; web-app-design; campaign-dashboard; accounting-software-dashboard; reporting-dashboard; analytics-dashboard"
"Amazon",16,"Web Shopping Cart; Services (AWS) Web Log Dashboard; Services (AWS) Web Custom Dashboard; Services (AWS) Web Wizard UI; Services (AWS) Web Operations Dashboard; Search Engine Design; Services (AWS) Web Drag And Drop Dashboard; Services (AWS) Web Cybersecurity Dashboard; Services (AWS) Web Customer Dashboard; Services (AWS) Web ERP System Dashboard; Point Of Sale Design; Services (AWS) Web Business Dashboard Examples; Services (AWS) Web Management Dashboard; Services (AWS) Web Metrics Dashboard; Services (AWS) Web Network Monitoring Dashboard; Services (AWS) Web Budget Dashboard","shopping-cart-ui; log-dashboard; custom-dashboard; wizard-ui; operations-dashboard; search-engine-design; drag-and-drop-dashboard; cybersecurity-dashboard; customer-dashboard; erp-system-dashboard; point-of-sale-design; business-dashboard; management-dashboard; metrics-dashboard; network-monitoring-dashboard; budget-dashboard"
"Blue Apron",16,"Payment Method; Pricing; Shop &amp; Storefront; Other Content; Subscription &amp; Paywall; Checkout; Promotions &amp; Rewards; Web Shopping Cart; Browse &amp; Discover; Restaurant Website Design Agency; Web Product Configurator; Settings &amp; Preferences; Product Detail; Recipe Detail; Point Of Sale Design; Misc","payment-method; pricing; shop-storefront; other-content; subscription-paywall; checkout; promotions-rewards; shopping-cart-ui; browse-discover; restaurant-website-design-agency; web-product-configurator; settings-preferences; product-detail; recipe-detail; point-of-sale-design; misc"
"ElevenLabs",16,"Wallet &amp; Balance; Home; Log Dashboard; Voice User Interface; Admin Panel; Skip Button; Login; Signup; Forgot Password; AI Chat UI; Audio Player; Audio &amp; Video Recorder; Metrics Dashboard; Best Dashboards; Network Monitoring Dashboard; Analytics Dashboard","wallet-balance; home; log-dashboard; voice-user-interface; admin-panel; skip-button; login; signup; forgot-password; ai-chat-ui; audio-player; audio-video-recorder; metrics-dashboard; best-dashboards; network-monitoring-dashboard; analytics-dashboard"
"Google Gemini",16,"Help &amp; Support; Chat Detail; Article Detail; Reviews &amp; Ratings; Home; Activity Log; AI Dashboard; Game Dashboard; Voice User Interface; Search Engine Design; Marketing Dashboard; Chat Bot; AI Chat UI; Favorite &amp; Pin; Flag &amp; Report; Dark Mode","help-support; chat-detail; article-detail; reviews-ratings; home; activity-log; ai-dashboard; game-dashboard; voice-user-interface; search-engine-design; marketing-dashboard; chat-bot; ai-chat-ui; favorite-pin; flag-report; dark-mode"
"Height",16,"Goal &amp; Task; Emails &amp; Messages; Form Builder; Marketing Dashboard; Productivity Dashboard; Intranet Design; Note Detail; Favorite &amp; Pin; Kanban Board; Move; Like &amp; Upvote; Share; Trash &amp; Archive; Calendar; Timer &amp; Clock; Email Interface","goal-task; emails-messages; form-builder; marketing-dashboard; productivity-dashboard; intranet-design; note-detail; favorite-pin; kanban-board; move; like-upvote; share; trash-archive; calendar; timer-clock; email-interface"
"HODINKEE",16,"Empty State; Shop &amp; Storefront; Comments; User / Group Profile; Checkout; Web Shopping Cart; Order History; Web Form UI; Confirmation; News Feed; Ban &amp; Block; Product Detail; Point Of Sale Design; Flag &amp; Report; Follow &amp; Subscribe; Misc","empty-state; shop-storefront; comments; user-group-profile; checkout; shopping-cart-ui; order-history; form-design; confirmation; news-feed; ban-block; product-detail; point-of-sale-design; flag-report; follow-subscribe; misc"
"incident.io",16,"Checkout; Notifications; Feature Info; Client Dashboard; Team Dashboard; Operations Dashboard; Monitoring Dashboard; Search Dashboard; Intranet Design; Command Palette; Kanban Board; Timeline &amp; History; Search; Progress; Management Dashboard; QR Code","checkout; notifications; feature-info; client-dashboard; team-dashboard; operations-dashboard; monitoring-dashboard; search-dashboard; intranet-design; command-palette; kanban-board; timeline-history; search; progress; management-dashboard; qr-code"
"Lovable",16,"Code Editor; Notifications; Time Tracker; SEO Dashboard Examples; Cancel Button; Operations Dashboard; Monitoring Dashboard; Login; Settings &amp; Preferences; Signup; Cybersecurity Dashboard; Save; Chat Bot; AI Chat UI; Multi-Column Layout; Orange Gradient","code-editor; notifications; time-tracker; seo-dashboard-examples; cancel-button; operations-dashboard; monitoring-dashboard; login; settings-preferences; signup; cybersecurity-dashboard; save; chat-bot; ai-chat-ui; multi-column-layout; orange-gradient"
"Podia",16,"Custom Dashboard; Conversational UI Examples; SaaS Dashboard; LMS Dashboard; Marketing Dashboard; Affiliate Dashboard; Ban &amp; Block; Customer Dashboard; Import &amp; Export; Delete; Favorite &amp; Pin; Business Dashboard Examples; Email Marketing Dashboard; Personal Dashboard; Campaign Dashboard; Revenue Dashboard","custom-dashboard; conversational-ui-examples; saas-dashboard; lms-dashboard; marketing-dashboard; affiliate-dashboard; ban-block; customer-dashboard; import-export; delete; favorite-pin; business-dashboard; email-marketing-dashboard; personal-dashboard; campaign-dashboard; revenue-dashboard"
"Snowflake",16,"Feedback; Code Editor; Custom Dashboard; Operations Dashboard; Monitoring Dashboard; Verification; Customer Service Dashboard; Edit; Supply Chain Dashboard; ERP System Dashboard; Other Action; Reorder; Upload &amp; Download; Management Dashboard; Media Editor; Budget Dashboard","feedback; code-editor; custom-dashboard; operations-dashboard; monitoring-dashboard; verification; customer-service-dashboard; edit; supply-chain-dashboard; erp-system-dashboard; other-action; reorder; upload-download; management-dashboard; media-editor; budget-dashboard"
"Steep",16,"Invite Teammates; Home; SaaS Dashboard; Team Dashboard; Drag And Drop Dashboard; Productivity Dashboard; Internal Tool; Note Detail; Supply Chain Dashboard; ERP System Dashboard; Business Dashboard Examples; Modern Dashboard Design; Metrics Dashboard; Best Dashboards; Reporting Dashboard; Revenue Dashboard","invite-teammates; home; saas-dashboard; team-dashboard; drag-and-drop-dashboard; productivity-dashboard; internal-tool; note-detail; supply-chain-dashboard; erp-system-dashboard; business-dashboard; modern-dashboard-design; metrics-dashboard; best-dashboards; reporting-dashboard; revenue-dashboard"
"ChatGPT",15,"Suggestions &amp; Similar Items; Permission; Code Editor; Browse &amp; Discover; Search Engine Design; Error; Dashboard; Product Detail; Chat Bot; AI Chat UI; Move; Share; Dark Mode; Trash &amp; Archive; Upload &amp; Download","suggestions-similar-items; permission; code-editor; browse-discover; search-engine-design; error; dashboard; product-detail; chat-bot; ai-chat-ui; move; share; dark-mode; trash-archive; upload-download"
"Claude",15,"Payment Method; Reviews &amp; Ratings; Promotions &amp; Rewards; Time Tracker; Log Dashboard; AI Dashboard; Custom Dashboard; Game Dashboard; Admin Panel; Website Wireframes; Website Prototype; Chat Bot; AI Chat UI; Timeline &amp; History; Web App Design","payment-method; reviews-ratings; promotions-rewards; time-tracker; log-dashboard; ai-dashboard; custom-dashboard; game-dashboard; admin-panel; website-wireframes; website-prototype; chat-bot; ai-chat-ui; timeline-history; web-app-design"
"Craft",15,"Code Editor; Publish; Guided Tour &amp; Tutorial; Delete &amp; Deactivate Account; Note Detail; Edit; Import &amp; Export; Add &amp; Create; Draw &amp; Annotate; Filter &amp; Sort; Schedule; Timeline &amp; History; Search; Dark Mode; Web App Design","code-editor; publish; guided-tour-tutorial; delete-deactivate-account; note-detail; edit; import-export; add-create; draw-annotate; filter-sort; schedule; timeline-history; search; dark-mode; web-app-design"
"Frame",15,"Goal &amp; Task; Web Form UI; Skip Button; Construction Project Dashboard; Login; Drag And Drop Dashboard; Verification; Productivity Dashboard; Save; Edit; Delete; Draw &amp; Annotate; ERP System Dashboard; Kanban Board; Personal Dashboard","goal-task; form-design; skip-button; construction-project-dashboard; login; drag-and-drop-dashboard; verification; productivity-dashboard; save; edit; delete; draw-annotate; erp-system-dashboard; kanban-board; personal-dashboard"
"Hex",15,"Code Editor; UI Components; Error; Guided Tour &amp; Tutorial; Intranet Design; Bookmarks &amp; Collections; Command Palette; Modern Dashboard Design; Reorder; Timeline &amp; History; Multi-Column Layout; Share; Map; Trash &amp; Archive; Progress","code-editor; ui-components; error; guided-tour-tutorial; intranet-design; bookmarks-collections; command-palette; modern-dashboard-design; reorder; timeline-history; multi-column-layout; share; map; trash-archive; progress"
"Hims",15,"Order Confirmation; Shop &amp; Storefront; Permission; Checkout; Reviews &amp; Ratings; Promotions &amp; Rewards; Web Shopping Cart; Order History; My Account &amp; Profile; Login; Product Detail; Quiz; Point Of Sale Design; Select; QR Code","order-confirmation; shop-storefront; permission; checkout; reviews-ratings; promotions-rewards; shopping-cart-ui; order-history; my-account-profile; login; product-detail; quiz; point-of-sale-design; select; qr-code"
"Manus",15,"Permission; Chat Detail; Wallet &amp; Balance; Notifications; SEO Dashboard; SEO Dashboard Examples; Voice User Interface; My Account &amp; Profile; Marketing Dashboard; Intranet Design; Dashboard; Chat Bot; Management Dashboard; Timer &amp; Clock; Best Dashboards","permission; chat-detail; wallet-balance; notifications; seo-dashboard; seo-dashboard-examples; voice-user-interface; my-account-profile; marketing-dashboard; intranet-design; dashboard; chat-bot; management-dashboard; timer-clock; best-dashboards"
"Maze",15,"Empty State; Payment Method; Permission; Invite Teammates; Subscription &amp; Paywall; Publish; Wizard UI; Form Builder; Monitoring Dashboard; Website Prototype; Bookmarks &amp; Collections; Dashboard; Invite &amp; Refer Friends; Other Action; Misc","empty-state; payment-method; permission; invite-teammates; subscription-paywall; publish; wizard-ui; form-builder; monitoring-dashboard; website-prototype; bookmarks-collections; dashboard; invite-refer-friends; other-action; misc"
"Otter AI",15,"Feedback; Emails &amp; Messages; Home; Search Dashboard; Forgot Password; Edit; Chat Bot; Import &amp; Export; AI Chat UI; Invite &amp; Refer Friends; Trash &amp; Archive; Audio Player; Calendar; Audio &amp; Video Recorder; Timer &amp; Clock","feedback; emails-messages; home; search-dashboard; forgot-password; edit; chat-bot; import-export; ai-chat-ui; invite-refer-friends; trash-archive; audio-player; calendar; audio-video-recorder; timer-clock"
"Peerlist",15,"Suggestions &amp; Similar Items; Leaderboard; Other Content; Social Feed; User / Group Profile; Followers &amp; Following; My Account &amp; Profile; Login; Signup; Delete &amp; Deactivate Account; Save; Post Detail; Invite &amp; Refer Friends; Charts; Multi-Column Layout","suggestions-similar-items; leaderboard; other-content; social-feed; user-group-profile; followers-following; my-account-profile; login; signup; delete-deactivate-account; save; post-detail; invite-refer-friends; charts; multi-column-layout"
"Plane",15,"Activity Log; Time Tracker; Custom Dashboard; Client Dashboard; Construction Project Dashboard; Business Dashboard Examples; Drag And Drop Dashboard; Productivity Dashboard; Customer Dashboard; Supply Chain Dashboard; ERP System Dashboard; Modern Dashboard Design; Personal Dashboard; Reporting Dashboard; Analytics Dashboard","activity-log; time-tracker; custom-dashboard; client-dashboard; construction-project-dashboard; business-dashboard-examples; drag-and-drop-dashboard; productivity-dashboard; customer-dashboard; supply-chain-dashboard; erp-system-dashboard; modern-dashboard-design; personal-dashboard; reporting-dashboard; analytics-dashboard"
"Surfshark",15,"Payment Method; Help &amp; Support; Permission; Promotions &amp; Rewards; Order History; IoT Dashboard; Search Engine Design; Login; Signup; Cybersecurity Dashboard; Forgot Password; Customer Dashboard; Invite &amp; Refer Friends; Personal Dashboard; QR Code","payment-method; help-support; permission; promotions-rewards; order-history; iot-dashboard; search-engine-design; login; signup; cybersecurity-dashboard; forgot-password; customer-dashboard; invite-refer-friends; personal-dashboard; qr-code"
"Basedash",14,"Custom Dashboard; Drag And Drop Dashboard; Owner Dashboard; Search Dashboard; Delete &amp; Deactivate Account; Productivity Dashboard; Supply Chain Dashboard; ERP System Dashboard; Business Dashboard Examples; Modern Dashboard Design; Charts; Trash &amp; Archive; Inventory Management Dashboard; Revenue Dashboard","custom-dashboard; drag-and-drop-dashboard; owner-dashboard; search-dashboard; delete-deactivate-account; productivity-dashboard; supply-chain-dashboard; erp-system-dashboard; business-dashboard; modern-dashboard-design; charts; trash-archive; inventory-management-dashboard; revenue-dashboard"
"Cal.com",14,"Help &amp; Support; Time Tracker; Taxi Dashboard; Form Builder; Account Setup; Delete &amp; Deactivate Account; Command Palette; Call; Other Action; Calendar; Media Editor; Metrics Dashboard; Best Dashboards; Event Dashboard","help-support; time-tracker; taxi-dashboard; form-builder; account-setup; delete-deactivate-account; command-palette; call; other-action; calendar; media-editor; metrics-dashboard; best-dashboards; event-dashboard"
"Expedia",14,"Order Confirmation; Suggestions &amp; Similar Items; Reviews &amp; Ratings; Promotions &amp; Rewards; Wallet &amp; Balance; Home; Notifications; Order Detail; Login; Signup; Forgot Password; Product Detail; Cancel; Like &amp; Upvote","order-confirmation; suggestions-similar-items; reviews-ratings; promotions-rewards; wallet-balance; home; notifications; order-detail; login; signup; forgot-password; product-detail; cancel; like-upvote"
"IKEA",14,"Order Confirmation; Shop &amp; Storefront; Promotions &amp; Rewards; Web Shopping Cart; Order History; Order Detail; My Account &amp; Profile; 3D Configurator; Forgot Password; Internal Tool; Product Detail; Point Of Sale Design; Search; Upload &amp; Download","order-confirmation; shop-storefront; promotions-rewards; shopping-cart-ui; order-history; order-detail; my-account-profile; 3d-configurator; forgot-password; internal-tool; product-detail; point-of-sale-design; search; upload-download"
"Kit",14,"Other Content; Checkout; Marketing Dashboard; Ban &amp; Block; Customer Dashboard; Draw &amp; Annotate; Modern Dashboard Design; Schedule; Email Marketing Dashboard; Personal Dashboard; Canvas; Campaign Dashboard; Analytics Dashboard; Email Interface","other-content; checkout; marketing-dashboard; ban-block; customer-dashboard; draw-annotate; modern-dashboard-design; schedule; email-marketing-dashboard; personal-dashboard; canvas; campaign-dashboard; analytics-dashboard; email-interface"
"Microsoft Teams",14,"Billing; User / Group Profile; Conversational UI Examples; Intranet Design; Ban &amp; Block; Flag &amp; Report; Call; Like &amp; Upvote; Schedule; Share; Select; QR Code; Charity Web Design; Customer Profile Software","billing; user-group-profile; conversational-ui-examples; intranet-design; ban-block; flag-report; call; like-upvote; schedule; share; select; qr-code; charity-web-design; customer-profile-software"
"OpenTable",14,"Order Confirmation; Other Content; Checkout; Reviews &amp; Ratings; Order History; Order Detail; Restaurant Website Design Agency; My Account &amp; Profile; Quiz; Point Of Sale Design; Follow &amp; Subscribe; Invite &amp; Refer Friends; Map; Timer &amp; Clock","order-confirmation; other-content; checkout; reviews-ratings; order-history; order-detail; restaurant-website-design-agency; my-account-profile; quiz; point-of-sale-design; follow-subscribe; invite-refer-friends; map; timer-clock"
"Product Hunt",14,"Payment Method; Achievements &amp; Awards; Other Content; Article Detail; Event Detail; Checkout; Reviews &amp; Ratings; Client Dashboard; Followers &amp; Following; Business Dashboard Examples; Post Detail; Follow &amp; Subscribe; Like &amp; Upvote; Customer Profile Software","payment-method; achievements-awards; other-content; article-detail; event-detail; checkout; reviews-ratings; client-dashboard; followers-following; business-dashboard-examples; post-detail; follow-subscribe; like-upvote; customer-profile-software"
"Wave",14,"Subscription &amp; Paywall; Taxi Dashboard; Account Setup; Login; Signup; Customer Dashboard; ERP System Dashboard; Business Dashboard Examples; Other Action; Personal Finance Dashboard; Inventory UI; Budget Dashboard; Revenue Dashboard; Portfolio Dashboard","subscription-paywall; taxi-dashboard; account-setup; login; signup; customer-dashboard; erp-system-dashboard; business-dashboard; other-action; personal-finance-dashboard; inventory-ui; budget-dashboard; revenue-dashboard; portfolio-dashboard"
"Whereby",14,"Help &amp; Support; Billing; Permission; Feature Info; Client Dashboard; Team Dashboard; Operations Dashboard; Business Dashboard Examples; Signup; Verification; Flag &amp; Report; Call; Personal Dashboard; Network Monitoring Dashboard","help-support; billing; permission; feature-info; client-dashboard; team-dashboard; operations-dashboard; business-dashboard-examples; signup; verification; flag-report; call; personal-dashboard; network-monitoring-dashboard"
"Adobe",13,"Help &amp; Support; Billing; Permission; Wallet &amp; Balance; Order Detail; My Account &amp; Profile; Search Engine Design; Forgot Password; Customer Dashboard; Trash &amp; Archive; Canvas; Inventory UI; Customer Profile Software","help-support; billing; permission; wallet-balance; order-detail; my-account-profile; search-engine-design; forgot-password; customer-dashboard; trash-archive; canvas; inventory-ui; customer-profile-software"
"Basecamp",13,"Goal &amp; Task; Activity Log; Time Tracker; Construction Project Dashboard; Delete &amp; Deactivate Account; Productivity Dashboard; Intranet Design; Forgot Password; Customer Dashboard; Command Palette; Kanban Board; Calendar; Personal Dashboard","goal-task; activity-log; time-tracker; construction-project-dashboard; delete-deactivate-account; productivity-dashboard; intranet-design; forgot-password; customer-dashboard; command-palette; kanban-board; calendar; personal-dashboard"
"Calendly",13,"Payment Method; Event Detail; Home; Admin UI; Admin Panel; Form Builder; Verification; Delete &amp; Deactivate Account; Delete; Modern Dashboard Design; Misc; Analytics Dashboard; Event Dashboard","payment-method; event-detail; home; admin-ui; admin-panel; form-builder; verification; delete-deactivate-account; delete; modern-dashboard-design; misc; analytics-dashboard; event-dashboard"
"Campsite",13,"Feedback; Suggestions &amp; Similar Items; Permission; Chat Detail; Publish; Confirmation; Intranet Design; Bookmarks &amp; Collections; Post Detail; Delete; Command Palette; Call; Share","feedback; suggestions-similar-items; permission; chat-detail; publish; confirmation; intranet-design; bookmarks-collections; post-detail; delete; command-palette; call; share"
"Clerk",13,"Empty State; Other Content; Operations Dashboard; Monitoring Dashboard; Interactive Dashboard; Confirmation; Signup; Delete &amp; Deactivate Account; Ban &amp; Block; Management Dashboard; Timer &amp; Clock; Network Monitoring Dashboard; Revenue Dashboard","empty-state; other-content; operations-dashboard; monitoring-dashboard; interactive-dashboard; confirmation; signup; delete-deactivate-account; ban-block; management-dashboard; timer-clock; network-monitoring-dashboard; revenue-dashboard"
"Descript",13,"Action Option; Billing; Voice User Interface; Internal Tool; Bookmarks &amp; Collections; Cancel; Move; Date &amp; Time; Timeline &amp; History; Multi-Column Layout; Dark Mode; Audio &amp; Video Recorder; Media Editor","action-option; billing; voice-user-interface; internal-tool; bookmarks-collections; cancel; move; date-time; timeline-history; multi-column-layout; dark-mode; audio-video-recorder; media-editor"
"Epidemic Sound",13,"Loading; Billing; Order History; My Account &amp; Profile; Affiliate Dashboard; Save; Song &amp; Podcast Detail; Cancel; Video Player; Invite &amp; Refer Friends; Date &amp; Time; Audio Player; Playlists","loading; billing; order-history; my-account-profile; affiliate-dashboard; save; song-podcast-detail; cancel; video-player; invite-refer-friends; date-time; audio-player; playlists"
"Expensify",13,"Help &amp; Support; Class &amp; Lesson Detail; Client Dashboard; Finance Dashboard; Login; Signup; Bookmarks &amp; Collections; Transfer &amp; Send Money; Import &amp; Export; Other Action; Set; Charity Web Design; Budget Dashboard","help-support; class-lesson-detail; client-dashboard; finance-dashboard; login; signup; bookmarks-collections; transfer-send-money; import-export; other-action; set; charity-web-design; budget-dashboard"
"Faire",13,"Suggestions &amp; Similar Items; User / Group Profile; Promotions &amp; Rewards; Web Shopping Cart; Order History; Order Detail; Browse &amp; Discover; Settings &amp; Preferences; Delete &amp; Deactivate Account; Save; Cancel; Invite &amp; Refer Friends; Email Interface","suggestions-similar-items; user-group-profile; promotions-rewards; shopping-cart-ui; order-history; order-detail; browse-discover; settings-preferences; delete-deactivate-account; save; cancel; invite-refer-friends; email-interface"
"Fibery",13,"Activity Log; Time Tracker; Custom Dashboard; Edit Button; Form Builder; Search Engine Design; Drag And Drop Dashboard; Note Detail; Chat Bot; Supply Chain Dashboard; Draw &amp; Annotate; Kanban Board; Reporting Dashboard","activity-log; time-tracker; custom-dashboard; edit-button; form-builder; search-engine-design; drag-and-drop-dashboard; note-detail; chat-bot; supply-chain-dashboard; draw-annotate; kanban-board; reporting-dashboard"
"Gemini",13,"Order Confirmation; Shop &amp; Storefront; Wallet &amp; Balance; Activity Log; Order History; Finance Dashboard; Save; Product Detail; Transfer &amp; Send Money; Filter &amp; Sort; Timer &amp; Clock; Portfolio Dashboard; Investment Dashboard","order-confirmation; shop-storefront; wallet-balance; activity-log; order-history; finance-dashboard; save; product-detail; transfer-send-money; filter-sort; timer-clock; portfolio-dashboard; investment-dashboard"
"GoDaddy",13,"Notifications; SEO Dashboard Examples; Web Form UI; Wizard UI; Form Builder; Operations Dashboard; Monitoring Dashboard; Marketing Dashboard; Customer Service Dashboard; Customer Dashboard; Business Dashboard Examples; Email Marketing Dashboard; Campaign Dashboard","notifications; seo-dashboard-examples; form-design; wizard-ui; form-builder; operations-dashboard; monitoring-dashboard; marketing-dashboard; customer-service-dashboard; customer-dashboard; business-dashboard; email-marketing-dashboard; campaign-dashboard"
"Klook",13,"Order Confirmation; Reviews &amp; Ratings; Promotions &amp; Rewards; Feature Info; Order History; Order Detail; Browse &amp; Discover; Login; Signup; Delete &amp; Deactivate Account; Product Detail; Progress; Timer &amp; Clock","order-confirmation; reviews-ratings; promotions-rewards; feature-info; order-history; order-detail; browse-discover; login; signup; delete-deactivate-account; product-detail; progress; timer-clock"
"LinkedIn",13,"Chat Detail; Article Detail; Social Feed; User / Group Profile; Cancel Button; Edit Button; Quiz; Flag &amp; Report; Video Player; Like &amp; Upvote; Other Action; Search; Email Interface","chat-detail; article-detail; social-feed; user-group-profile; cancel-button; edit-button; quiz; flag-report; video-player; like-upvote; other-action; search; email-interface"
"Optimal Workshop",13,"Payment Method; Pricing; Permission; Checkout; Form Builder; Drag And Drop Dashboard; Customer Dashboard; Quiz; Import &amp; Export; Date &amp; Time; Reorder; Search; Canvas","payment-method; pricing; permission; checkout; form-builder; drag-and-drop-dashboard; customer-dashboard; quiz; import-export; date-time; reorder; search; canvas"
"QuickBooks",13,"Custom Dashboard; SaaS Dashboard; Taxi Dashboard; Admin Panel; Form Builder; Business Dashboard Examples; Marketing Dashboard; Customer Dashboard; ERP System Dashboard; Accounting Software Dashboard; Budget Dashboard; Revenue Dashboard; Portfolio Dashboard","custom-dashboard; saas-dashboard; taxi-dashboard; admin-panel; form-builder; business-dashboard-examples; marketing-dashboard; customer-dashboard; erp-system-dashboard; business-dashboard; accounting-software-dashboard; budget-dashboard; revenue-dashboard; portfolio-dashboard"
"Salesforce",13,"Notifications; SaaS Dashboard; Wizard UI; Admin Panel; Drag And Drop Dashboard; Marketing Dashboard; Search Dashboard; Intranet Design; Dashboard; Supply Chain Dashboard; ERP System Dashboard; Business Dashboard Examples; Analytics Dashboard","notifications; saas-dashboard; wizard-ui; admin-panel; drag-and-drop-dashboard; marketing-dashboard; search-dashboard; intranet-design; dashboard; supply-chain-dashboard; erp-system-dashboard; business-dashboard; analytics-dashboard"
"Sketch",13,"Pricing; Subscription &amp; Paywall; Notifications; Feature Info; Web Interface; Skip Button; Edit Button; UI Components; Website Prototype; Forgot Password; Move; Search; Canvas","pricing; subscription-paywall; notifications; feature-info; web-interface; skip-button; edit-button; ui-components; website-prototype; forgot-password; move; search; canvas"
"Spline",13,"Payment Method; Comments; Social Feed; Web Interface; Login; 3D Configurator; Bookmarks &amp; Collections; Dashboard; Import &amp; Export; Other Action; Misc; Audio &amp; Video Recorder; Canvas","payment-method; comments; social-feed; web-interface; login; 3d-configurator; bookmarks-collections; dashboard; import-export; other-action; misc; audio-video-recorder; canvas"
"Trello",13,"Billing; Activity Log; Time Tracker; Team Dashboard; Business Dashboard Examples; Drag And Drop Dashboard; Search Dashboard; Cancel; Delete; Kanban Board; Move; Misc; Customer Profile Software","billing; activity-log; time-tracker; team-dashboard; business-dashboard-examples; drag-and-drop-dashboard; search-dashboard; cancel; delete; kanban-board; move; misc; customer-profile-software"
"Twingate",13,"Billing; Log Dashboard; Custom Dashboard; IoT Dashboard; Cybersecurity Dashboard; Delete &amp; Deactivate Account; Intranet Design; Ban &amp; Block; Customer Dashboard; ERP System Dashboard; Personal Dashboard; Reporting Dashboard; Network Monitoring Dashboard","billing; log-dashboard; custom-dashboard; iot-dashboard; cybersecurity-dashboard; delete-deactivate-account; intranet-design; ban-block; customer-dashboard; erp-system-dashboard; personal-dashboard; reporting-dashboard; network-monitoring-dashboard"
"WorkOS",13,"Action Option; Code Editor; Home; Activity Log; Log Dashboard; Operations Dashboard; Monitoring Dashboard; Signup; Customer Dashboard; Set; Dark Mode; Management Dashboard; Personal Dashboard","action-option; code-editor; home; activity-log; log-dashboard; operations-dashboard; monitoring-dashboard; signup; customer-dashboard; set; dark-mode; management-dashboard; personal-dashboard"
"WRITER",13,"Time Tracker; Log Dashboard; Taxi Dashboard; Wizard UI; Admin Panel; Form Builder; UI Components; Marketing Dashboard; Chat Bot; Supply Chain Dashboard; Metrics Dashboard; Reporting Dashboard; Network Monitoring Dashboard","time-tracker; log-dashboard; taxi-dashboard; wizard-ui; admin-panel; form-builder; ui-components; marketing-dashboard; chat-bot; supply-chain-dashboard; metrics-dashboard; reporting-dashboard; network-monitoring-dashboard"
"Zapier",13,"Payment Method; Billing; Other Content; Subscription &amp; Paywall; Activity Log; Order History; Delete &amp; Deactivate Account; Internal Tool; ERP System Dashboard; Move; Schedule; Share; Network Monitoring Dashboard","payment-method; billing; other-content; subscription-paywall; activity-log; order-history; delete-deactivate-account; internal-tool; erp-system-dashboard; move; schedule; share; network-monitoring-dashboard"
"Zillow",13,"Loading; Suggestions &amp; Similar Items; Pricing; Subscription &amp; Paywall; Publish; Interactive Dashboard; Owner Dashboard; Forgot Password; Save; Product Detail; Draw &amp; Annotate; Flag &amp; Report; Map","loading; suggestions-similar-items; pricing; subscription-paywall; publish; interactive-dashboard; owner-dashboard; forgot-password; save; product-detail; draw-annotate; flag-report; map"
"Cake Equity",12,"Help &amp; Support; User / Group Profile; Notifications; Client Dashboard; Business Dashboard Examples; Delete &amp; Deactivate Account; Draw &amp; Annotate; Invite &amp; Refer Friends; Misc; Email Interface; Portfolio Dashboard; Investment Dashboard","help-support; user-group-profile; notifications; client-dashboard; business-dashboard-examples; delete-deactivate-account; draw-annotate; invite-refer-friends; misc; email-interface; portfolio-dashboard; investment-dashboard"
"Churnkey",12,"Invite Teammates; SaaS Dashboard; Productivity Dashboard; Customer Dashboard; Business Dashboard Examples; Modern Dashboard Design; Schedule; Set; Email Marketing Dashboard; Campaign Dashboard; Analytics Dashboard; Revenue Dashboard","invite-teammates; saas-dashboard; productivity-dashboard; customer-dashboard; business-dashboard; modern-dashboard-design; schedule; set; email-marketing-dashboard; campaign-dashboard; analytics-dashboard; revenue-dashboard"
"Cloaked",12,"Help &amp; Support; Confirmation; Signup; Verification; Cybersecurity Dashboard; Delete &amp; Deactivate Account; Ban &amp; Block; Customer Dashboard; Import &amp; Export; Invite &amp; Refer Friends; Multi-Column Layout; Timer &amp; Clock","help-support; confirmation; signup; verification; cybersecurity-dashboard; delete-deactivate-account; ban-block; customer-dashboard; import-export; invite-refer-friends; multi-column-layout; timer-clock"
"Google Analytics",12,"Suggestions &amp; Similar Items; SEO Dashboard; Client Dashboard; Business Dashboard Examples; Save; Modern Dashboard Design; Search; Map; Calendar; Best Dashboards; Network Monitoring Dashboard; Analytics Dashboard","suggestions-similar-items; seo-dashboard; client-dashboard; business-dashboard-examples; save; business-dashboard; modern-dashboard-design; search; map; calendar; best-dashboards; network-monitoring-dashboard; analytics-dashboard"
"Oyster",12,"Help &amp; Support; Billing; Home; Time Tracker; Web Form UI; Signup; Intranet Design; Affiliate Dashboard; ERP System Dashboard; Business Dashboard Examples; Other Action; Personal Dashboard","help-support; billing; home; time-tracker; form-design; signup; intranet-design; affiliate-dashboard; erp-system-dashboard; business-dashboard; other-action; personal-dashboard"
"Relume",12,"Action Option; Other Content; Web Interface; Website Wireframes; UI Components; Website Prototype; Search Dashboard; Internal Tool; Other Action; Reorder; Share; Portfolio Dashboard","action-option; other-content; web-interface; website-wireframes; ui-components; website-prototype; search-dashboard; internal-tool; other-action; reorder; share; portfolio-dashboard"
"Selfridges",12,"Order Confirmation; Suggestions &amp; Similar Items; Pricing; Shop &amp; Storefront; Wallet &amp; Balance; Time Tracker; Web Shopping Cart; Order Detail; Search Engine Design; Date &amp; Time; Schedule; Timeline &amp; History","order-confirmation; suggestions-similar-items; pricing; shop-storefront; wallet-balance; time-tracker; shopping-cart-ui; order-detail; search-engine-design; date-time; schedule; timeline-history"
"StackAI",12,"Client Dashboard; SaaS Dashboard; Admin Panel; Business Dashboard Examples; Search Dashboard; Customer Service Dashboard; Customer Dashboard; AI Chat UI; Web App Design; Metrics Dashboard; Accounting Software Dashboard; Analytics Dashboard","client-dashboard; saas-dashboard; admin-panel; business-dashboard-examples; search-dashboard; customer-service-dashboard; customer-dashboard; ai-chat-ui; web-app-design; metrics-dashboard; accounting-software-dashboard; analytics-dashboard"
"Superhuman Mail",12,"Billing; Achievements &amp; Awards; Emails &amp; Messages; Order History; AI Chat UI; Filter &amp; Sort; Command Palette; Move; Other Action; Schedule; Dark Mode; Misc","billing; achievements-awards; emails-messages; order-history; ai-chat-ui; filter-sort; command-palette; move; other-action; schedule; dark-mode; misc"
"The Athletic",12,"Action Option; Payment Method; Comments; Social Feed; Checkout; Followers &amp; Following; News Feed; Save; Song &amp; Podcast Detail; Cancel; Flag &amp; Report; Invite &amp; Refer Friends","action-option; payment-method; comments; social-feed; checkout; followers-following; news-feed; save; song-podcast-detail; cancel; flag-report; invite-refer-friends"
"TheyDo",12,"Goal &amp; Task; Log Dashboard; Taxi Dashboard; Marketing Dashboard; Intranet Design; Save; Customer Dashboard; Import &amp; Export; Supply Chain Dashboard; Modern Dashboard Design; Metrics Dashboard; Campaign Dashboard","goal-task; log-dashboard; taxi-dashboard; marketing-dashboard; intranet-design; save; customer-dashboard; import-export; supply-chain-dashboard; modern-dashboard-design; metrics-dashboard; campaign-dashboard"
"Tines",12,"Code Editor; Custom Dashboard; SaaS Dashboard; Form Builder; Signup; Customer Dashboard; Import &amp; Export; Favorite &amp; Pin; Schedule; Trash &amp; Archive; Metrics Dashboard; Reporting Dashboard","code-editor; custom-dashboard; saas-dashboard; form-builder; signup; customer-dashboard; import-export; favorite-pin; schedule; trash-archive; metrics-dashboard; reporting-dashboard"
"Toggl Track",12,"Empty State; Permission; Time Tracker; Log Dashboard; Acknowledgement &amp; Success; Chat Bot; Cancel; Dark Mode; Timer &amp; Clock; Best Dashboards; Reporting Dashboard; Revenue Dashboard","empty-state; permission; time-tracker; log-dashboard; acknowledgement-success; chat-bot; cancel; dark-mode; timer-clock; best-dashboards; reporting-dashboard; revenue-dashboard"
"Uvodo",12,"Order Confirmation; Shop &amp; Storefront; Wallet &amp; Balance; Web Shopping Cart; Order History; Order Detail; Error; Affiliate Dashboard; Point Of Sale Design; Set; Inventory UI; Inventory Management Dashboard","order-confirmation; shop-storefront; wallet-balance; shopping-cart-ui; order-history; order-detail; error; affiliate-dashboard; point-of-sale-design; set; inventory-ui; inventory-management-dashboard"
"WhatsApp",12,"Comments; Chat Detail; User / Group Profile; Conversational UI Examples; Admin Panel; Stories; Draw &amp; Annotate; Like &amp; Upvote; Trash &amp; Archive; Audio &amp; Video Recorder; Media Editor; QR Code","comments; chat-detail; user-group-profile; conversational-ui-examples; admin-panel; stories; draw-annotate; like-upvote; trash-archive; audio-video-recorder; media-editor; qr-code"
"Apple",11,"Order Confirmation; Shop &amp; Storefront; Event Detail; Checkout; Web Shopping Cart; Order History; Order Detail; IoT Dashboard; Point Of Sale Design; Search; Map","order-confirmation; shop-storefront; event-detail; checkout; shopping-cart-ui; order-history; order-detail; iot-dashboard; point-of-sale-design; search; map"
"Buy Me a Coffee",11,"Order Confirmation; Shop &amp; Storefront; Publish; Order Detail; Followers &amp; Following; Voice User Interface; Owner Dashboard; Affiliate Dashboard; Invite &amp; Refer Friends; Upload &amp; Download; Customer Profile Software","order-confirmation; shop-storefront; publish; order-detail; followers-following; voice-user-interface; owner-dashboard; affiliate-dashboard; invite-refer-friends; upload-download; customer-profile-software"
"Clearbit",11,"Empty State; Permission; Other Content; Cancel Button; Verification; Marketing Dashboard; Employee Dashboard; Save; Misc; QR Code; Customer Profile Software","empty-state; permission; other-content; cancel-button; verification; marketing-dashboard; employee-dashboard; save; misc; qr-code; customer-profile-software"
"Cosmos",11,"Suggestions &amp; Similar Items; Social Feed; User / Group Profile; Notifications; Followers &amp; Following; Search Engine Design; Login; Signup; Post Detail; Follow &amp; Subscribe; QR Code","suggestions-similar-items; social-feed; user-group-profile; notifications; followers-following; search-engine-design; login; signup; post-detail; follow-subscribe; qr-code"
"Coursera",11,"Suggestions &amp; Similar Items; Class &amp; Lesson Detail; Reviews &amp; Ratings; LMS Dashboard; Delete &amp; Deactivate Account; Cancel; Flag &amp; Report; Schedule; Set; QR Code; Best Dashboards","suggestions-similar-items; class-lesson-detail; reviews-ratings; lms-dashboard; delete-deactivate-account; cancel; flag-report; schedule; set; qr-code; best-dashboards"
"Deezer",11,"Billing; Leaderboard; Game Dashboard; Confirmation; Forgot Password; Quiz; Cancel; Ranking Dashboard; Audio Player; Playlists; Timer &amp; Clock","billing; leaderboard; game-dashboard; confirmation; forgot-password; quiz; cancel; ranking-dashboard; audio-player; playlists; timer-clock"
"Frame.io",11,"Subscription &amp; Paywall; Feature Info; Edit Button; Forgot Password; Customer Dashboard; Video Player; Move; Like &amp; Upvote; Other Action; Schedule; Set","subscription-paywall; feature-info; edit-button; forgot-password; customer-dashboard; video-player; move; like-upvote; other-action; schedule; set"
"Gamma",11,"Social Feed; Order History; Web Form UI; Followers &amp; Following; Product Detail; Transfer &amp; Send Money; Ranking Dashboard; Favorite &amp; Pin; Other Action; Orange Gradient; QR Code","social-feed; order-history; form-design; followers-following; product-detail; transfer-send-money; ranking-dashboard; favorite-pin; other-action; orange-gradient; qr-code"
"GoFundMe",11,"Other Content; Emails &amp; Messages; Wizard UI; Finance Dashboard; Social Media Dashboard; Confirmation; Dashboard; Transfer &amp; Send Money; Other Action; Media Editor; Charity Web Design","other-content; emails-messages; wizard-ui; finance-dashboard; social-media-dashboard; confirmation; dashboard; transfer-send-money; other-action; media-editor; charity-web-design"
"n8n",11,"Log Dashboard; Operations Dashboard; Monitoring Dashboard; Search Engine Design; Productivity Dashboard; Customer Dashboard; Supply Chain Dashboard; AI Chat UI; ERP System Dashboard; Personal Dashboard; Reporting Dashboard","log-dashboard; operations-dashboard; monitoring-dashboard; search-engine-design; productivity-dashboard; customer-dashboard; supply-chain-dashboard; ai-chat-ui; erp-system-dashboard; personal-dashboard; reporting-dashboard"
"Peerspace",11,"Emails &amp; Messages; Event Detail; Reviews &amp; Ratings; Order History; Order Detail; Ban &amp; Block; Product Detail; Share; Map; Upload &amp; Download; Media Editor","emails-messages; event-detail; reviews-ratings; order-history; order-detail; ban-block; product-detail; share; map; upload-download; media-editor"
"Proton",11,"Permission; Chat Detail; Time Tracker; Login; Signup; Cybersecurity Dashboard; Note Detail; Ban &amp; Block; Move; Upload &amp; Download; QR Code","permission; chat-detail; time-tracker; login; signup; cybersecurity-dashboard; note-detail; ban-block; move; upload-download; qr-code"
"Rarible",11,"Suggestions &amp; Similar Items; Shop &amp; Storefront; Emails &amp; Messages; Social Feed; Wallet &amp; Balance; Error; Ban &amp; Block; Product Detail; Flag &amp; Report; Progress; Timer &amp; Clock","suggestions-similar-items; shop-storefront; emails-messages; social-feed; wallet-balance; error; ban-block; product-detail; flag-report; progress; timer-clock"
"Skype",11,"Chat Detail; Wallet &amp; Balance; Notifications; Conversational UI Examples; Ban &amp; Block; Flag &amp; Report; Video Player; Call; Other Action; Schedule; Audio &amp; Video Recorder","chat-detail; wallet-balance; notifications; conversational-ui-examples; ban-block; flag-report; video-player; call; other-action; schedule; audio-video-recorder"
"Sora",11,"Empty State; Help &amp; Support; Billing; Leaderboard; Wallet &amp; Balance; Notifications; Save; Bookmarks &amp; Collections; Flag &amp; Report; Set; Trash &amp; Archive","empty-state; help-support; billing; leaderboard; wallet-balance; notifications; save; bookmarks-collections; flag-report; set; trash-archive"
"Sprig",11,"Permission; Activity Log; Log Dashboard; Custom Dashboard; Client Dashboard; Form Builder; Business Dashboard Examples; Bookmarks &amp; Collections; Favorite &amp; Pin; Upload &amp; Download; Audio &amp; Video Recorder","permission; activity-log; log-dashboard; custom-dashboard; client-dashboard; form-builder; business-dashboard-examples; bookmarks-collections; favorite-pin; business-dashboard; upload-download; audio-video-recorder"
"Telegram",11,"Chat Detail; Conversational UI Examples; Ban &amp; Block; Flag &amp; Report; Call; Invite &amp; Refer Friends; Schedule; Share; Orange Gradient; Audio &amp; Video Recorder; Timer &amp; Clock","chat-detail; conversational-ui-examples; ban-block; flag-report; call; invite-refer-friends; schedule; share; orange-gradient; audio-video-recorder; timer-clock"
"User Interviews",11,"Billing; Invite Teammates; Client Dashboard; Form Builder; Business Dashboard Examples; Quiz; ERP System Dashboard; Date &amp; Time; Schedule; Reorder; Select","billing; invite-teammates; client-dashboard; form-builder; business-dashboard-examples; quiz; erp-system-dashboard; date-time; schedule; reorder; select"
"Clockwise",10,"Invite Teammates; Time Tracker; Productivity Dashboard; Dashboard; Modern Dashboard Design; Reorder; Progress; Calendar; Best Dashboards; Analytics Dashboard","invite-teammates; time-tracker; productivity-dashboard; dashboard; modern-dashboard-design; reorder; progress; calendar; best-dashboards; analytics-dashboard"
"Cycle",10,"Help &amp; Support; Goal &amp; Task; Comments; Notifications; Feature Info; Edit Button; Settings &amp; Preferences; Search Dashboard; Kanban Board; Upload &amp; Download","help-support; goal-task; comments; notifications; feature-info; edit-button; settings-preferences; search-dashboard; kanban-board; upload-download"
"Ferndesk",10,"SaaS Dashboard; Admin Panel; Customer Service Dashboard; AI Chat UI; Ranking Dashboard; Web App Design; Metrics Dashboard; Accounting Software Dashboard; Reporting Dashboard; Analytics Dashboard","saas-dashboard; admin-panel; customer-service-dashboard; ai-chat-ui; ranking-dashboard; web-app-design; metrics-dashboard; accounting-software-dashboard; reporting-dashboard; analytics-dashboard"
"Foundation",10,"Leaderboard; Social Feed; Publish; Notifications; Followers &amp; Following; Product Dashboard; Search Engine Design; Flag &amp; Report; Ecommerce Analytics Dashboard; Ecommerce Dashboard","leaderboard; social-feed; publish; notifications; followers-following; product-dashboard; search-engine-design; flag-report; ecommerce-analytics-dashboard; ecommerce-dashboard"
"GitBook",10,"Reviews &amp; Ratings; Home; SEO Dashboard; SEO Dashboard Examples; Admin Panel; Signup; Search Dashboard; Customer Dashboard; Draw &amp; Annotate; Like &amp; Upvote","reviews-ratings; home; seo-dashboard; seo-dashboard-examples; admin-panel; signup; search-dashboard; customer-dashboard; draw-annotate; like-upvote"
"GitLab",10,"Code Editor; Cybersecurity Dashboard; Supply Chain Dashboard; ERP System Dashboard; Kanban Board; Date &amp; Time; Schedule; Timeline &amp; History; Charts; Dark Mode","code-editor; cybersecurity-dashboard; supply-chain-dashboard; erp-system-dashboard; kanban-board; date-time; schedule; timeline-history; charts; dark-mode"
"Grain",10,"Time Tracker; Skip Button; Guided Tour &amp; Tutorial; Delete &amp; Deactivate Account; Stories; AI Chat UI; Reorder; Search; Playlists; Audio &amp; Video Recorder","time-tracker; skip-button; guided-tour-tutorial; delete-deactivate-account; stories; ai-chat-ui; reorder; search; playlists; audio-video-recorder"
"Grammarly",10,"Loading; Suggestions &amp; Similar Items; Feature Info; Account Setup; Guided Tour &amp; Tutorial; Forgot Password; Note Detail; Trash &amp; Archive; Upload &amp; Download; Media Editor","loading; suggestions-similar-items; feature-info; account-setup; guided-tour-tutorial; forgot-password; note-detail; trash-archive; upload-download; media-editor"
"Lyssna",10,"Order Confirmation; Billing; Wallet &amp; Balance; Home; Order History; Form Builder; Signup; Customer Dashboard; Filter &amp; Sort; Calendar","order-confirmation; billing; wallet-balance; home; order-history; form-builder; signup; customer-dashboard; filter-sort; calendar"
"Motion",10,"Goal &amp; Task; Permission; Time Tracker; Login; Productivity Dashboard; Quiz; Kanban Board; Reorder; Timeline &amp; History; Calendar","goal-task; permission; time-tracker; login; productivity-dashboard; quiz; kanban-board; reorder; timeline-history; calendar"
"Mural",10,"Other Content; Comments; Chat Detail; Class &amp; Lesson Detail; Intranet Design; Delete; Draw &amp; Annotate; Favorite &amp; Pin; Move; Canvas","other-content; comments; chat-detail; class-lesson-detail; intranet-design; delete; draw-annotate; favorite-pin; move; canvas"
"Netflix",10,"Other Content; Home; Notifications; Activity Log; Order History; Skip Button; Account Setup; Confirmation; Verification; TV Show &amp; Movie Detail","other-content; home; notifications; activity-log; order-history; skip-button; account-setup; confirmation; verification; tv-show-movie-detail"
"Peec AI",10,"Log Dashboard; SEO Dashboard; SEO Dashboard Examples; SaaS Dashboard; Skip Button; Marketing Dashboard; Supply Chain Dashboard; Ranking Dashboard; Metrics Dashboard; Analytics Dashboard","log-dashboard; seo-dashboard; seo-dashboard-examples; saas-dashboard; skip-button; marketing-dashboard; supply-chain-dashboard; ranking-dashboard; metrics-dashboard; analytics-dashboard"
"PlayAI",10,"Billing; Pricing; Subscription &amp; Paywall; AI Dashboard; Voice User Interface; IoT Dashboard; Song &amp; Podcast Detail; Delete; Video Player; Audio Player","billing; pricing; subscription-paywall; ai-dashboard; voice-user-interface; iot-dashboard; song-podcast-detail; delete; video-player; audio-player"
"Posh",10,"Admin Dashboard; Taxi Dashboard; Admin Panel; Form Builder; Marketing Dashboard; Affiliate Dashboard; Dashboard; Metrics Dashboard; Budget Dashboard; Event Dashboard","admin-dashboard; taxi-dashboard; admin-panel; form-builder; marketing-dashboard; affiliate-dashboard; dashboard; metrics-dashboard; budget-dashboard; event-dashboard"
"Read.cv",10,"Chat Detail; Publish; Browse &amp; Discover; My Account &amp; Profile; Note Detail; Ban &amp; Block; Reorder; Dark Mode; Upload &amp; Download; Misc","chat-detail; publish; browse-discover; my-account-profile; note-detail; ban-block; reorder; dark-mode; upload-download; misc"
"Render",10,"Activity Log; Log Dashboard; Custom Dashboard; Search Dashboard; Productivity Dashboard; Customer Dashboard; Personal Dashboard; Metrics Dashboard; Network Monitoring Dashboard; Event Dashboard","activity-log; log-dashboard; custom-dashboard; search-dashboard; productivity-dashboard; customer-dashboard; personal-dashboard; metrics-dashboard; network-monitoring-dashboard; event-dashboard"
"Seline",10,"Activity Log; Time Tracker; Log Dashboard; SEO Dashboard Examples; Marketing Dashboard; Modern Dashboard Design; Metrics Dashboard; Reporting Dashboard; Network Monitoring Dashboard; Analytics Dashboard","activity-log; time-tracker; log-dashboard; seo-dashboard-examples; marketing-dashboard; modern-dashboard-design; metrics-dashboard; reporting-dashboard; network-monitoring-dashboard; analytics-dashboard"
"Sentry",10,"Time Tracker; Log Dashboard; Custom Dashboard; SaaS Dashboard; Drag And Drop Dashboard; Supply Chain Dashboard; Modern Dashboard Design; Metrics Dashboard; Reporting Dashboard; Network Monitoring Dashboard","time-tracker; log-dashboard; custom-dashboard; saas-dashboard; drag-and-drop-dashboard; supply-chain-dashboard; modern-dashboard-design; metrics-dashboard; reporting-dashboard; network-monitoring-dashboard"
"sweetgreen",10,"Order Confirmation; Shop &amp; Storefront; Reviews &amp; Ratings; Promotions &amp; Rewards; Order History; Order Detail; Restaurant Website Design Agency; Point Of Sale Design; Search; Map","order-confirmation; shop-storefront; reviews-ratings; promotions-rewards; order-history; order-detail; restaurant-website-design-agency; point-of-sale-design; search; map"
"Twist",10,"Payment Method; Emails &amp; Messages; Invite Teammates; Chat Detail; Publish; Conversational UI Examples; Login; Forgot Password; Trash &amp; Archive; Email Interface","payment-method; emails-messages; invite-teammates; chat-detail; publish; conversational-ui-examples; login; forgot-password; trash-archive; email-interface"
"WSJ",10,"Help &amp; Support; Shop &amp; Storefront; Other Content; Article Detail; Browse &amp; Discover; News Feed; Ban &amp; Block; Charts; Audio Player; Playlists","help-support; shop-storefront; other-content; article-detail; browse-discover; news-feed; ban-block; charts; audio-player; playlists"
"Bumble",9,"Payment Method; Help &amp; Support; Permission; Account Setup; Confirmation; Delete &amp; Deactivate Account; Ban &amp; Block; Flag &amp; Report; Timer &amp; Clock","payment-method; help-support; permission; account-setup; confirmation; delete-deactivate-account; ban-block; flag-report; timer-clock"
"ClassPass",9,"Class &amp; Lesson Detail; Checkout; Order History; Web Form UI; Forgot Password; Cancel; Favorite &amp; Pin; Invite &amp; Refer Friends; QR Code","class-lesson-detail; checkout; order-history; form-design; forgot-password; cancel; favorite-pin; invite-refer-friends; qr-code"
"Contractbook",9,"Other Content; Invite Teammates; Login; Productivity Dashboard; Intranet Design; Save; Draw &amp; Annotate; Move; Schedule","other-content; invite-teammates; login; productivity-dashboard; intranet-design; save; draw-annotate; move; schedule"
"Firecrawl",9,"Home; Activity Log; Log Dashboard; SaaS Dashboard; Operations Dashboard; Customer Dashboard; Modern Dashboard Design; Personal Dashboard; Network Monitoring Dashboard","home; activity-log; log-dashboard; saas-dashboard; operations-dashboard; customer-dashboard; modern-dashboard-design; personal-dashboard; network-monitoring-dashboard"
"Hootsuite",9,"SEO Dashboard Examples; SaaS Dashboard; Wizard UI; Business Dashboard Examples; Marketing Dashboard; Customer Service Dashboard; Dashboard; Campaign Dashboard; Analytics Dashboard","seo-dashboard-examples; saas-dashboard; wizard-ui; business-dashboard-examples; marketing-dashboard; customer-service-dashboard; dashboard; business-dashboard; campaign-dashboard; analytics-dashboard"
"Lemon Squeezy",9,"Web Product Configurator; My Account &amp; Profile; Bookmarks &amp; Collections; Dashboard; Schedule; Map; Upload &amp; Download; Calendar; Customer Profile Software","web-product-configurator; my-account-profile; bookmarks-collections; dashboard; schedule; map; upload-download; calendar; customer-profile-software"
"Mercury",9,"Activity Log; Log Dashboard; Admin UI; Taxi Dashboard; Wizard UI; Finance Dashboard; Search Dashboard; Business Dashboard Examples; Calendar","activity-log; log-dashboard; admin-ui; taxi-dashboard; wizard-ui; finance-dashboard; search-dashboard; business-dashboard; calendar"
"Mintlify",9,"Activity Log; Log Dashboard; AI Dashboard; SaaS Dashboard; Customer Dashboard; Business Dashboard Examples; Modern Dashboard Design; Personal Dashboard; Analytics Dashboard","activity-log; log-dashboard; ai-dashboard; saas-dashboard; customer-dashboard; business-dashboard; modern-dashboard-design; personal-dashboard; analytics-dashboard"
"Navattic",9,"SEO Dashboard Examples; Form Builder; UI Components; Marketing Dashboard; Dashboard; Metrics Dashboard; Campaign Dashboard; Best Dashboards; Analytics Dashboard","seo-dashboard-examples; form-builder; ui-components; marketing-dashboard; dashboard; metrics-dashboard; campaign-dashboard; best-dashboards; analytics-dashboard"
"PlanetScale",9,"Activity Log; Log Dashboard; Admin UI; IoT Dashboard; Operations Dashboard; Monitoring Dashboard; Productivity Dashboard; ERP System Dashboard; Network Monitoring Dashboard","activity-log; log-dashboard; admin-ui; iot-dashboard; operations-dashboard; monitoring-dashboard; productivity-dashboard; erp-system-dashboard; network-monitoring-dashboard"
"Programa",9,"Time Tracker; Construction Project Dashboard; Productivity Dashboard; Supply Chain Dashboard; ERP System Dashboard; Management Dashboard; Best Dashboards; Inventory UI; Inventory Management Dashboard","time-tracker; construction-project-dashboard; productivity-dashboard; supply-chain-dashboard; erp-system-dashboard; management-dashboard; best-dashboards; inventory-ui; inventory-management-dashboard"
"Shop",9,"Order Confirmation; Help &amp; Support; Pricing; Shop &amp; Storefront; Promotions &amp; Rewards; Web Shopping Cart; Search Engine Design; Product Detail; Point Of Sale Design","order-confirmation; help-support; pricing; shop-storefront; promotions-rewards; shopping-cart-ui; search-engine-design; product-detail; point-of-sale-design"
"Tailscale",9,"Action Option; Log Dashboard; IoT Dashboard; Operations Dashboard; Monitoring Dashboard; Cybersecurity Dashboard; Set; Management Dashboard; Network Monitoring Dashboard","action-option; log-dashboard; iot-dashboard; operations-dashboard; monitoring-dashboard; cybersecurity-dashboard; set; management-dashboard; network-monitoring-dashboard"
"Vapi",9,"Log Dashboard; Conversational UI Examples; Admin Panel; Operations Dashboard; Cybersecurity Dashboard; AI Chat UI; Metrics Dashboard; Network Monitoring Dashboard; Analytics Dashboard","log-dashboard; conversational-ui-examples; admin-panel; operations-dashboard; cybersecurity-dashboard; ai-chat-ui; metrics-dashboard; network-monitoring-dashboard; analytics-dashboard"
"Wellfound",9,"Feedback; User / Group Profile; Followers &amp; Following; Delete &amp; Deactivate Account; Filter &amp; Sort; Kanban Board; Set; Management Dashboard; QR Code","feedback; user-group-profile; followers-following; delete-deactivate-account; filter-sort; kanban-board; set; management-dashboard; qr-code"
"Xero",9,"Business Dashboard Examples; Interactive Dashboard; Drag And Drop Dashboard; ERP System Dashboard; Accounting Software Dashboard; Inventory UI; Budget Dashboard; Revenue Dashboard; Portfolio Dashboard","business-dashboard-examples; interactive-dashboard; drag-and-drop-dashboard; erp-system-dashboard; accounting-software-dashboard; inventory-ui; budget-dashboard; revenue-dashboard; portfolio-dashboard"
"adidas",8,"Order Confirmation; Checkout; Reviews &amp; Ratings; Wallet &amp; Balance; Web Shopping Cart; Order Detail; Product Detail; Point Of Sale Design","order-confirmation; checkout; reviews-ratings; wallet-balance; shopping-cart-ui; order-detail; product-detail; point-of-sale-design"
"Brilliant",8,"Payment Method; Leaderboard; Achievements &amp; Awards; Checkout; Login; Delete &amp; Deactivate Account; Quiz; Ranking Dashboard","payment-method; leaderboard; achievements-awards; checkout; login; delete-deactivate-account; quiz; ranking-dashboard"
"Cohere",8,"Code Editor; Wallet &amp; Balance; Log Dashboard; AI Dashboard; Error; Internal Tool; Chat Bot; Budget Dashboard","code-editor; wallet-balance; log-dashboard; ai-dashboard; error; internal-tool; chat-bot; budget-dashboard"
"Current",8,"Comments; Social Feed; Notifications; Followers &amp; Following; Account Setup; Delete &amp; Deactivate Account; Like &amp; Upvote; Trash &amp; Archive","comments; social-feed; notifications; followers-following; account-setup; delete-deactivate-account; like-upvote; trash-archive"
"Disney+",8,"Payment Method; Subscription &amp; Paywall; Checkout; Confirmation; TV Show &amp; Movie Detail; Video Player; Like &amp; Upvote; Search","payment-method; subscription-paywall; checkout; confirmation; tv-show-movie-detail; video-player; like-upvote; search"
"Google Meet",8,"Feedback; Permission; Chat Detail; Conversational UI Examples; Ban &amp; Block; Call; Like &amp; Upvote; Timer &amp; Clock","feedback; permission; chat-detail; conversational-ui-examples; ban-block; call; like-upvote; timer-clock"
"Gumroad",8,"Checkout; Followers &amp; Following; Web Product Configurator; Settings &amp; Preferences; Bookmarks &amp; Collections; Ban &amp; Block; Import &amp; Export; Share","checkout; followers-following; web-product-configurator; settings-preferences; bookmarks-collections; ban-block; import-export; share"
"Laravel Cloud",8,"Skip Button; Operations Dashboard; Monitoring Dashboard; Interactive Dashboard; Drag And Drop Dashboard; Customer Dashboard; Metrics Dashboard; Inventory UI","skip-button; operations-dashboard; monitoring-dashboard; interactive-dashboard; drag-and-drop-dashboard; customer-dashboard; metrics-dashboard; inventory-ui"
"Later",8,"Cancel Button; Interactive Dashboard; Marketing Dashboard; Affiliate Dashboard; Web App Design; Campaign Dashboard; Accounting Software Dashboard; Email Interface","cancel-button; interactive-dashboard; marketing-dashboard; affiliate-dashboard; web-app-design; campaign-dashboard; accounting-software-dashboard; email-interface"
"Midjourney",8,"Goal &amp; Task; Achievements &amp; Awards; Chat Detail; Web Interface; Quiz; Draw &amp; Annotate; Call; Progress","goal-task; achievements-awards; chat-detail; web-interface; quiz; draw-annotate; call; progress"
"Mobbin",8,"Comments; Subscription &amp; Paywall; Web Interface; Edit Button; UI Components; Login; Filter &amp; Sort; Video Player","comments; subscription-paywall; web-interface; edit-button; ui-components; login; filter-sort; video-player"
"mymind",8,"Pricing; Subscription &amp; Paywall; Search Engine Design; Search Dashboard; Bookmarks &amp; Collections; Note Detail; Share; Personal Dashboard","pricing; subscription-paywall; search-engine-design; search-dashboard; bookmarks-collections; note-detail; share; personal-dashboard"
"Neon",8,"Custom Dashboard; SaaS Dashboard; Taxi Dashboard; Admin Panel; Supply Chain Dashboard; Modern Dashboard Design; Metrics Dashboard; Network Monitoring Dashboard","custom-dashboard; saas-dashboard; taxi-dashboard; admin-panel; supply-chain-dashboard; modern-dashboard-design; metrics-dashboard; network-monitoring-dashboard"
"NordVPN",8,"Billing; Article Detail; Order History; Cybersecurity Dashboard; Customer Dashboard; Share; Trash &amp; Archive; Personal Dashboard","billing; article-detail; order-history; cybersecurity-dashboard; customer-dashboard; share; trash-archive; personal-dashboard"
"NYT Cooking",8,"Payment Method; Other Content; Comments; Restaurant Website Design Agency; Save; Recipe Detail; Point Of Sale Design; Follow &amp; Subscribe","payment-method; other-content; comments; restaurant-website-design-agency; save; recipe-detail; point-of-sale-design; follow-subscribe"
"Oku",8,"Payment Method; Social Feed; Checkout; Save; Bookmarks &amp; Collections; Invite &amp; Refer Friends; Search; Set","payment-method; social-feed; checkout; save; bookmarks-collections; invite-refer-friends; search; set"
"Postman",8,"Checkout; Operations Dashboard; Monitoring Dashboard; Error; Customer Dashboard; Canvas; QR Code; Customer Profile Software","checkout; operations-dashboard; monitoring-dashboard; error; customer-dashboard; canvas; qr-code; customer-profile-software"
"Strut",8,"Emails &amp; Messages; Chat Detail; Confirmation; Marketing Dashboard; Chat Bot; Delete; Kanban Board; Multi-Column Layout","emails-messages; chat-detail; confirmation; marketing-dashboard; chat-bot; delete; kanban-board; multi-column-layout"
"TIDAL",8,"Promotions &amp; Rewards; Order History; Edit Button; Ban &amp; Block; Song &amp; Podcast Detail; Move; Audio Player; Playlists","promotions-rewards; order-history; edit-button; ban-block; song-podcast-detail; move; audio-player; playlists"
"Arcade",7,"Admin Panel; Form Builder; Marketing Dashboard; Web App Design; Accounting Software Dashboard; Reporting Dashboard; Analytics Dashboard","admin-panel; form-builder; marketing-dashboard; web-app-design; accounting-software-dashboard; reporting-dashboard; analytics-dashboard"
"Biosites",7,"Form Builder; Social Media Dashboard; Dashboard; Business Dashboard Examples; Modern Dashboard Design; Charity Web Design; Analytics Dashboard","form-builder; social-media-dashboard; dashboard; business-dashboard; modern-dashboard-design; charity-web-design; analytics-dashboard"
"Calm",7,"Payment Method; Checkout; Browse &amp; Discover; Game Dashboard; Healthcare Dashboard; Account Setup; Audio Player","payment-method; checkout; browse-discover; game-dashboard; healthcare-dashboard; account-setup; audio-player"
"Canny",7,"Billing; Order History; Admin UI; Admin Dashboard; Admin Panel; Business Dashboard Examples; Ban &amp; Block","billing; order-history; admin-ui; admin-dashboard; admin-panel; business-dashboard-examples; ban-block"
"Cursor",7,"Activity Log; Log Dashboard; Taxi Dashboard; Customer Dashboard; Supply Chain Dashboard; Web App Design; Best Dashboards","activity-log; log-dashboard; taxi-dashboard; customer-dashboard; supply-chain-dashboard; web-app-design; best-dashboards"
"Dollar Shave Club",7,"Shop &amp; Storefront; Reviews &amp; Ratings; Web Shopping Cart; Order History; Order Detail; Product Detail; Point Of Sale Design","shop-storefront; reviews-ratings; shopping-cart-ui; order-history; order-detail; product-detail; point-of-sale-design"
"FARFETCH",7,"Order Confirmation; Shop &amp; Storefront; Web Shopping Cart; Order History; Order Detail; Filter &amp; Sort; Point Of Sale Design","order-confirmation; shop-storefront; shopping-cart-ui; order-history; order-detail; filter-sort; point-of-sale-design"
"Fireflies",7,"AI Dashboard; SaaS Dashboard; Team Dashboard; IoT Dashboard; AI Chat UI; Accounting Software Dashboard; Best Dashboards","ai-dashboard; saas-dashboard; team-dashboard; iot-dashboard; ai-chat-ui; accounting-software-dashboard; best-dashboards"
"Ghost",7,"SEO Dashboard; SEO Dashboard Examples; Productivity Dashboard; Post Detail; Modern Dashboard Design; Audio Player; Analytics Dashboard","seo-dashboard; seo-dashboard-examples; productivity-dashboard; post-detail; modern-dashboard-design; audio-player; analytics-dashboard"
"Givingli",7,"Shop &amp; Storefront; Emails &amp; Messages; Web Product Configurator; Error; Bookmarks &amp; Collections; Like &amp; Upvote; Event Dashboard","shop-storefront; emails-messages; web-product-configurator; error; bookmarks-collections; like-upvote; event-dashboard"
"Gorgias",7,"Activity Log; Wizard UI; Drag And Drop Dashboard; Customer Service Dashboard; Customer Dashboard; Supply Chain Dashboard; Management Dashboard","activity-log; wizard-ui; drag-and-drop-dashboard; customer-service-dashboard; customer-dashboard; supply-chain-dashboard; management-dashboard"
"Harvest",7,"Payment Method; Pricing; Other Content; Subscription &amp; Paywall; Checkout; Move; Trash &amp; Archive","payment-method; pricing; other-content; subscription-paywall; checkout; move; trash-archive"
"Kickstarter",7,"Other Content; Emails &amp; Messages; Followers &amp; Following; Product Detail; Flag &amp; Report; Video Player; Share","other-content; emails-messages; followers-following; product-detail; flag-report; video-player; share"
"Klarna",7,"Product Dashboard; Finance Dashboard; My Account &amp; Profile; Point Of Sale Design; Ecommerce Analytics Dashboard; Budget Dashboard; Ecommerce Dashboard","product-dashboard; finance-dashboard; my-account-profile; point-of-sale-design; ecommerce-analytics-dashboard; budget-dashboard; ecommerce-dashboard"
"Kraken",7,"Leaderboard; Activity Log; IoT Dashboard; Drag And Drop Dashboard; Ranking Dashboard; Portfolio Dashboard; Investment Dashboard","leaderboard; activity-log; iot-dashboard; drag-and-drop-dashboard; ranking-dashboard; portfolio-dashboard; investment-dashboard"
"Langdock",7,"AI Dashboard; Game Dashboard; Interactive Dashboard; Search Engine Design; Web App Design; Management Dashboard; Analytics Dashboard","ai-dashboard; game-dashboard; interactive-dashboard; search-engine-design; web-app-design; management-dashboard; analytics-dashboard"
"Polywork",7,"Browse &amp; Discover; Team Dashboard; Social Media Dashboard; Dark Mode; Personal Dashboard; Timer &amp; Clock; Best Dashboards","browse-discover; team-dashboard; social-media-dashboard; dark-mode; personal-dashboard; timer-clock; best-dashboards"
"Rocket Money",7,"Log Dashboard; Finance Dashboard; Personal Dashboard; Personal Finance Dashboard; Budget Dashboard; Portfolio Dashboard; Investment Dashboard","log-dashboard; finance-dashboard; personal-dashboard; personal-finance-dashboard; budget-dashboard; portfolio-dashboard; investment-dashboard"
"The New Yorker",7,"Article Detail; Event Detail; Checkout; News Feed; Save; Map; Timer &amp; Clock","article-detail; event-detail; checkout; news-feed; save; map; timer-clock"
"TravelPerk",7,"Billing; Taxi Dashboard; Account Setup; Login; Verification; Management Dashboard; Reporting Dashboard","billing; taxi-dashboard; account-setup; login; verification; management-dashboard; reporting-dashboard"
"Adobe Express",6,"Web Interface; Admin Dashboard; Voice User Interface; Move; Reorder; Audio &amp; Video Recorder","web-interface; admin-dashboard; voice-user-interface; move; reorder; audio-video-recorder"
"AutoSend",6,"SaaS Dashboard; Marketing Dashboard; Email Marketing Dashboard; Campaign Dashboard; Accounting Software Dashboard; Network Monitoring Dashboard","saas-dashboard; marketing-dashboard; email-marketing-dashboard; campaign-dashboard; accounting-software-dashboard; network-monitoring-dashboard"
"Bard",6,"Permission; Activity Log; Voice User Interface; Error; Chat Bot; Flag &amp; Report","permission; activity-log; voice-user-interface; error; chat-bot; flag-report"
"Copilot",6,"Chat Detail; SaaS Dashboard; Form Builder; Product Detail; ERP System Dashboard; Business Dashboard Examples","chat-detail; saas-dashboard; form-builder; product-detail; erp-system-dashboard; business-dashboard"
"Deputy",6,"Admin Panel; Form Builder; Intranet Design; ERP System Dashboard; Employee HR Dashboard; Email Interface","admin-panel; form-builder; intranet-design; erp-system-dashboard; employee-hr-dashboard; email-interface"
"Dialpad",6,"Admin Dashboard; Admin Panel; Customer Service Dashboard; Dashboard; Ranking Dashboard; Management Dashboard","admin-dashboard; admin-panel; customer-service-dashboard; dashboard; ranking-dashboard; management-dashboard"
"Docusign",6,"Activity Log; Admin Panel; Form Builder; Business Dashboard Examples; Supply Chain Dashboard; Reporting Dashboard","activity-log; admin-panel; form-builder; business-dashboard-examples; supply-chain-dashboard; reporting-dashboard"
"Exa",6,"SaaS Dashboard; Operations Dashboard; Monitoring Dashboard; Search Engine Design; Chat Bot; Management Dashboard","saas-dashboard; operations-dashboard; monitoring-dashboard; search-engine-design; chat-bot; management-dashboard"
"HelloFresh",6,"Web Shopping Cart; Restaurant Website Design Agency; Web Product Configurator; Point Of Sale Design; Personal Dashboard; Charity Web Design","shopping-cart-ui; restaurant-website-design-agency; web-product-configurator; point-of-sale-design; personal-dashboard; charity-web-design"
"Instacart",6,"Web Shopping Cart; Product Dashboard; Restaurant Website Design Agency; Point Of Sale Design; Ecommerce Analytics Dashboard; Ecommerce Dashboard","shopping-cart-ui; product-dashboard; restaurant-website-design-agency; point-of-sale-design; ecommerce-analytics-dashboard; ecommerce-dashboard"
"LangChain",6,"Operations Dashboard; Monitoring Dashboard; Interactive Dashboard; Search Dashboard; Metrics Dashboard; Network Monitoring Dashboard","operations-dashboard; monitoring-dashboard; interactive-dashboard; search-dashboard; metrics-dashboard; network-monitoring-dashboard"
"Loops",6,"Empty State; Form Builder; Marketing Dashboard; Dark Mode; Email Marketing Dashboard; Campaign Dashboard","empty-state; form-builder; marketing-dashboard; dark-mode; email-marketing-dashboard; campaign-dashboard"
"Luma AI",6,"Pricing; Delete &amp; Deactivate Account; Edit; Favorite &amp; Pin; Share; Set","pricing; delete-deactivate-account; edit; favorite-pin; share; set"
"ManyChat",6,"AI Dashboard; Admin Panel; Customer Service Dashboard; Web App Design; Accounting Software Dashboard; Email Interface","ai-dashboard; admin-panel; customer-service-dashboard; web-app-design; accounting-software-dashboard; email-interface"
"Microsoft Copilot",6,"Feedback; Custom Dashboard; Delete &amp; Deactivate Account; Invite &amp; Refer Friends; Personal Dashboard; QR Code","feedback; custom-dashboard; delete-deactivate-account; invite-refer-friends; personal-dashboard; qr-code"
"Microsoft Loop",6,"Feature Info; Custom Dashboard; Productivity Dashboard; Intranet Design; Kanban Board; Reorder","feature-info; custom-dashboard; productivity-dashboard; intranet-design; kanban-board; reorder"
"Pipedrive",6,"SaaS Dashboard; Wizard UI; Form Builder; Search Dashboard; Email Marketing Dashboard; Campaign Dashboard","saas-dashboard; wizard-ui; form-builder; search-dashboard; email-marketing-dashboard; campaign-dashboard"
"Pocket",6,"Payment Method; Checkout; News Feed; Save; Draw &amp; Annotate; Share","payment-method; checkout; news-feed; save; draw-annotate; share"
"Readymag",6,"Code Editor; Form Builder; UI Components; Drag And Drop Dashboard; Reorder; Canvas","code-editor; form-builder; ui-components; drag-and-drop-dashboard; reorder; canvas"
"Relevance AI",6,"AI Dashboard; Productivity Dashboard; AI Chat UI; Web App Design; Management Dashboard; Accounting Software Dashboard","ai-dashboard; productivity-dashboard; ai-chat-ui; web-app-design; management-dashboard; accounting-software-dashboard"
"Resend",6,"SaaS Dashboard; Operations Dashboard; Monitoring Dashboard; Web App Design; Email Marketing Dashboard; Metrics Dashboard","saas-dashboard; operations-dashboard; monitoring-dashboard; web-app-design; email-marketing-dashboard; metrics-dashboard"
"Rows",6,"Suggestions &amp; Similar Items; Publish; Cancel; ERP System Dashboard; Move; Other Action","suggestions-similar-items; publish; cancel; erp-system-dashboard; move; other-action"
"SavvyCal",6,"Goal &amp; Task; Team Dashboard; Edit; ERP System Dashboard; Modern Dashboard Design; Event Dashboard","goal-task; team-dashboard; edit; erp-system-dashboard; modern-dashboard-design; event-dashboard"
"SeatGeek",6,"Event Detail; Order Detail; Edit Button; Filter &amp; Sort; Favorite &amp; Pin; Map","event-detail; order-detail; edit-button; filter-sort; favorite-pin; map"
"Skiff",6,"Permission; Event Detail; Feature Info; Filter &amp; Sort; Trash &amp; Archive; Email Interface","permission; event-detail; feature-info; filter-sort; trash-archive; email-interface"
"The Leap",6,"Web Product Configurator; Delete &amp; Deactivate Account; Quiz; Video Player; Inventory UI; Inventory Management Dashboard","web-product-configurator; delete-deactivate-account; quiz; video-player; inventory-ui; inventory-management-dashboard"
"Typefully",6,"Permission; Social Media Dashboard; Confirmation; Delete; Metrics Dashboard; Best Dashboards","permission; social-media-dashboard; confirmation; delete; metrics-dashboard; best-dashboards"
"Uber",6,"Order Confirmation; Wallet &amp; Balance; Order Detail; Taxi Dashboard; Reorder; Map","order-confirmation; wallet-balance; order-detail; taxi-dashboard; reorder; map"
"Airtasker",5,"Empty State; Emails &amp; Messages; Taxi Dashboard; My Account &amp; Profile; Productivity Dashboard","empty-state; emails-messages; taxi-dashboard; my-account-profile; productivity-dashboard"
"Airwallex",5,"Admin UI; SaaS Dashboard; Wizard UI; Finance Dashboard; Employee Dashboard","admin-ui; saas-dashboard; wizard-ui; finance-dashboard; employee-dashboard"
"Codecademy",5,"Custom Dashboard; Form Builder; Search Engine Design; LMS Dashboard; Drag And Drop Dashboard","custom-dashboard; form-builder; search-engine-design; lms-dashboard; drag-and-drop-dashboard"
"Ditto",5,"Web Interface; SaaS Dashboard; UI Components; Search Dashboard; Web App Design","web-interface; saas-dashboard; ui-components; search-dashboard; web-app-design"
"Dribbble",5,"Web Interface; Skip Button; Interactive Dashboard; Metrics Dashboard; Portfolio Dashboard","web-interface; skip-button; interactive-dashboard; metrics-dashboard; portfolio-dashboard"
"Elicit",5,"Pricing; Log Dashboard; Search Engine Design; Search Dashboard; AI Chat UI","pricing; log-dashboard; search-engine-design; search-dashboard; ai-chat-ui"
"Gemini Notebook",5,"Note Detail; Multi-Column Layout; Progress; Upload &amp; Download; Audio Player","note-detail; multi-column-layout; progress; upload-download; audio-player"
"Google Classroom",5,"Comments; Class &amp; Lesson Detail; Save; Filter &amp; Sort; Misc","comments; class-lesson-detail; save; filter-sort; misc"
"Homerun",5,"Publish; Reviews &amp; Ratings; Home; Kanban Board; Move","publish; reviews-ratings; home; kanban-board; move"
"Hulu",5,"Login; Signup; TV Show &amp; Movie Detail; Video Player; Schedule","login; signup; tv-show-movie-detail; video-player; schedule"
"Indeed",5,"SaaS Dashboard; Interactive Dashboard; Supply Chain Dashboard; Metrics Dashboard; Reporting Dashboard","saas-dashboard; interactive-dashboard; supply-chain-dashboard; metrics-dashboard; reporting-dashboard"
"Juicebox",5,"Interactive Dashboard; Employee Dashboard; Business Dashboard Examples; Email Marketing Dashboard; Campaign Dashboard","interactive-dashboard; employee-dashboard; business-dashboard; email-marketing-dashboard; campaign-dashboard"
"Mistral AI",5,"Emails &amp; Messages; AI Dashboard; Voice User Interface; AI Chat UI; Multi-Column Layout","emails-messages; ai-dashboard; voice-user-interface; ai-chat-ui; multi-column-layout"
"Modal",5,"Edit Button; Operations Dashboard; Monitoring Dashboard; Metrics Dashboard; Network Monitoring Dashboard","edit-button; operations-dashboard; monitoring-dashboard; metrics-dashboard; network-monitoring-dashboard"
"OKX",5,"Client Dashboard; Finance Dashboard; Ranking Dashboard; Portfolio Dashboard; Investment Dashboard","client-dashboard; finance-dashboard; ranking-dashboard; portfolio-dashboard; investment-dashboard"
"PamPam",5,"Edit Button; My Account &amp; Profile; AI Chat UI; Draw &amp; Annotate; Reorder","edit-button; my-account-profile; ai-chat-ui; draw-annotate; reorder"
"Pin",5,"Supply Chain Dashboard; Ranking Dashboard; Email Marketing Dashboard; Best Dashboards; Reporting Dashboard","supply-chain-dashboard; ranking-dashboard; email-marketing-dashboard; best-dashboards; reporting-dashboard"
"Plausible Analytics",5,"Custom Dashboard; Taxi Dashboard; Set; Metrics Dashboard; Analytics Dashboard","custom-dashboard; taxi-dashboard; set; metrics-dashboard; analytics-dashboard"
"Rive",5,"Web Interface; Reorder; Multi-Column Layout; Orange Gradient; Canvas","web-interface; reorder; multi-column-layout; orange-gradient; canvas"
"Riverside",5,"Chat Detail; Voice User Interface; Call; Move; Audio &amp; Video Recorder","chat-detail; voice-user-interface; call; move; audio-video-recorder"
"Superlist",5,"Feature Info; Productivity Dashboard; Favorite &amp; Pin; Invite &amp; Refer Friends; Reorder","feature-info; productivity-dashboard; favorite-pin; invite-refer-friends; reorder"
"Time2book",5,"SaaS Dashboard; Taxi Dashboard; Healthcare Dashboard; Business Dashboard Examples; Revenue Dashboard","saas-dashboard; taxi-dashboard; healthcare-dashboard; business-dashboard; revenue-dashboard"
"Turo",5,"Interactive Dashboard; Personal Finance Dashboard; Metrics Dashboard; Budget Dashboard; Revenue Dashboard","interactive-dashboard; personal-finance-dashboard; metrics-dashboard; budget-dashboard; revenue-dashboard"
"Unsplash",5,"Achievements &amp; Awards; Social Feed; Product Dashboard; Save; Dashboard Images","achievements-awards; social-feed; product-dashboard; save; dashboard-images"
"WeTransfer",5,"Payment Method; Order History; Internal Tool; Cancel; Misc","payment-method; order-history; internal-tool; cancel; misc"
"Adaline",4,"Time Tracker; Wizard UI; Employee Dashboard; Metrics Dashboard","time-tracker; wizard-ui; employee-dashboard; metrics-dashboard"
"Assembly",4,"Marketing Dashboard; Affiliate Dashboard; Modern Dashboard Design; Calendar","marketing-dashboard; affiliate-dashboard; modern-dashboard-design; calendar"
"DoorDash",4,"Web Shopping Cart; Restaurant Website Design Agency; Search Engine Design; Point Of Sale Design","shopping-cart-ui; restaurant-website-design-agency; search-engine-design; point-of-sale-design"
"Dropbox Paper",4,"Help &amp; Support; Comments; Guided Tour &amp; Tutorial; Orange Gradient","help-support; comments; guided-tour-tutorial; orange-gradient"
"Fabric",4,"Skip Button; Search Engine Design; Login; Search Dashboard","skip-button; search-engine-design; login; search-dashboard"
"Going",4,"My Account &amp; Profile; Verification; Delete &amp; Deactivate Account; Forgot Password","my-account-profile; verification; delete-deactivate-account; forgot-password"
"Google AI Studio",4,"Taxi Dashboard; Voice User Interface; Metrics Dashboard; Network Monitoring Dashboard","taxi-dashboard; voice-user-interface; metrics-dashboard; network-monitoring-dashboard"
"Headspace",4,"Browse &amp; Discover; Healthcare Dashboard; Orange Gradient; Progress","browse-discover; healthcare-dashboard; orange-gradient; progress"
"komoot",4,"Game Dashboard; Healthcare Dashboard; Interactive Dashboard; Search Engine Design","game-dashboard; healthcare-dashboard; interactive-dashboard; search-engine-design"
"Obvious",4,"SaaS Dashboard; Interactive Dashboard; Productivity Dashboard; Metrics Dashboard","saas-dashboard; interactive-dashboard; productivity-dashboard; metrics-dashboard"
"Quartz",4,"Article Detail; News Feed; Multi-Column Layout; Audio Player","article-detail; news-feed; multi-column-layout; audio-player"
"Reflect",4,"Login; Command Palette; Calendar; Audio &amp; Video Recorder","login; command-palette; calendar; audio-video-recorder"
"Rise",4,"Permission; Skip Button; Set; Calendar","permission; skip-button; set; calendar"
"Synthesia",4,"Product Dashboard; Voice User Interface; Modern Dashboard Design; Dashboard Images","product-dashboard; voice-user-interface; modern-dashboard-design; dashboard-images"
"Uniswap",4,"Shop &amp; Storefront; Wallet &amp; Balance; Transfer &amp; Send Money; Dark Mode","shop-storefront; wallet-balance; transfer-send-money; dark-mode"
"Urban Outfitters",4,"Order Confirmation; Web Shopping Cart; Order Detail; Point Of Sale Design","order-confirmation; shopping-cart-ui; order-detail; point-of-sale-design"
"Wayyy",4,"Subscription &amp; Paywall; Form Builder; Signup; Best Dashboards","subscription-paywall; form-builder; signup; best-dashboards"
"Zeplin",4,"Billing; Delete &amp; Deactivate Account; Internal Tool; Favorite &amp; Pin","billing; delete-deactivate-account; internal-tool; favorite-pin"
"Bleacher Report",3,"Social Feed; Edit Button; News Feed","social-feed; edit-button; news-feed"
"Buffer",3,"Business Dashboard Examples; Marketing Dashboard; Reporting Dashboard","business-dashboard-examples; marketing-dashboard; reporting-dashboard"
"ExpressVPN",3,"Affiliate Dashboard; Customer Dashboard; Personal Dashboard","affiliate-dashboard; customer-dashboard; personal-dashboard"
"Flodesk",3,"Affiliate Dashboard; Email Marketing Dashboard; Campaign Dashboard","affiliate-dashboard; email-marketing-dashboard; campaign-dashboard"
"Google Ads",3,"Business Dashboard Examples; Drag And Drop Dashboard; Campaign Dashboard","business-dashboard-examples; drag-and-drop-dashboard; campaign-dashboard"
"Greptile",3,"Operations Dashboard; Monitoring Dashboard; Interactive Dashboard","operations-dashboard; monitoring-dashboard; interactive-dashboard"
"Gusto",3,"Wizard UI; Finance Dashboard; Employee HR Dashboard","wizard-ui; finance-dashboard; employee-hr-dashboard"
"Julienne",3,"Restaurant Website Design Agency; Edit Button; Web App Design","restaurant-website-design-agency; edit-button; web-app-design"
"Kiwi.com",3,"Game Dashboard; Taxi Dashboard; Dashboard","game-dashboard; taxi-dashboard; dashboard"
"Lindy",3,"Chat Bot; AI Chat UI; Orange Gradient","chat-bot; ai-chat-ui; orange-gradient"
"Partiful",3,"Like &amp; Upvote; Schedule; Event Dashboard","like-upvote; schedule; event-dashboard"
"Railway",3,"IoT Dashboard; Affiliate Dashboard; Network Monitoring Dashboard","iot-dashboard; affiliate-dashboard; network-monitoring-dashboard"
"Rox",3,"Productivity Dashboard; Dashboard; Personal Dashboard","productivity-dashboard; dashboard; personal-dashboard"
"Tally",3,"Form Builder; Ranking Dashboard; Trash &amp; Archive","form-builder; ranking-dashboard; trash-archive"
"Twenty",3,"Client Dashboard; Drag And Drop Dashboard; Productivity Dashboard","client-dashboard; drag-and-drop-dashboard; productivity-dashboard"
"Uber Eats",3,"Product Dashboard; Restaurant Website Design Agency; Point Of Sale Design","product-dashboard; restaurant-website-design-agency; point-of-sale-design"
"Visitors",3,"SEO Dashboard Examples; Taxi Dashboard; Analytics Dashboard","seo-dashboard-examples; taxi-dashboard; analytics-dashboard"
"Wrangle",3,"Admin Panel; Supply Chain Dashboard; Metrics Dashboard","admin-panel; supply-chain-dashboard; metrics-dashboard"
"[untitled]",2,"Skip Button; Search Engine Design","skip-button; search-engine-design"
"Babbel",2,"Skip Button; LMS Dashboard","skip-button; lms-dashboard"
"Bento",2,"Map; Audio Player","map; audio-player"
"Care.com",2,"Notifications; Dashboard","notifications; dashboard"
"Chatbase",2,"AI Dashboard; Email Interface","ai-dashboard; email-interface"
"Cofounder",2,"Business Dashboard Examples; Campaign Dashboard","business-dashboard-examples; campaign-dashboard"
"Copilot Money",2,"Budget Dashboard; Portfolio Dashboard","budget-dashboard; portfolio-dashboard"
"Copy.ai",2,"Action Option; AI Dashboard","action-option; ai-dashboard"
"Digg",2,"Search Engine Design; Web App Design","search-engine-design; web-app-design"
"Equals",2,"Bookmarks &amp; Collections; Import &amp; Export","bookmarks-collections; import-export"
"Featurebase",2,"Team Dashboard; Drag And Drop Dashboard","team-dashboard; drag-and-drop-dashboard"
"Glassdoor",2,"Notifications; Dashboard","notifications; dashboard"
"Graphite",2,"Supply Chain Dashboard; Metrics Dashboard","supply-chain-dashboard; metrics-dashboard"
"Hers",2,"Web Shopping Cart; Point Of Sale Design","shopping-cart-ui; point-of-sale-design"
"Hume AI",2,"SaaS Dashboard; Voice User Interface","saas-dashboard; voice-user-interface"
"IFTTT",2,"Subscription &amp; Paywall; Publish","subscription-paywall; publish"
"Literal",2,"Web Form UI; Search Engine Design","form-design; search-engine-design"
"lululemon",2,"Point Of Sale Design; Personal Dashboard","point-of-sale-design; personal-dashboard"
"Magnific",2,"Drag And Drop Dashboard; AI Chat UI","drag-and-drop-dashboard; ai-chat-ui"
"Matter",2,"Notifications; Skip Button","notifications; skip-button"
"Mercor",2,"Affiliate Dashboard; Revenue Dashboard","affiliate-dashboard; revenue-dashboard"
"Pi",2,"Invite &amp; Refer Friends; Audio Player","invite-refer-friends; audio-player"
"Portrait",2,"Social Media Dashboard; Ranking Dashboard","social-media-dashboard; ranking-dashboard"
"Preply",2,"Taxi Dashboard; Affiliate Dashboard","taxi-dashboard; affiliate-dashboard"
"Record Club",2,"Activity Log; Game Dashboard","activity-log; game-dashboard"
"Revolut Business",2,"Business Dashboard Examples; Revenue Dashboard","business-dashboard; revenue-dashboard"
"Savee",2,"Web Interface; Search Engine Design","web-interface; search-engine-design"
"Semrush",2,"SEO Dashboard Examples; Campaign Dashboard","seo-dashboard-examples; campaign-dashboard"
"Stitch",2,"Edit Button; Web App Design","edit-button; web-app-design"
"Tasty",2,"Browse &amp; Discover; Recipe Detail","browse-discover; recipe-detail"
"YNAB",2,"Budget Dashboard; Portfolio Dashboard","budget-dashboard; portfolio-dashboard"
"Air",1,"Form Builder","form-builder"
"Alan",1,"Web App Design","web-app-design"
"Bloom",1,"Product Dashboard","product-dashboard"
"Bolt.new",1,"Orange Gradient","orange-gradient"
"ClassDojo",1,"3D Configurator","3d-configurator"
"Cron Calendar",1,"Permission","permission"
"Emergent",1,"AI Chat UI","ai-chat-ui"
"Family",1,"Wallet &amp; Balance","wallet-balance"
"Felt",1,"Taxi Dashboard","taxi-dashboard"
"Heidi",1,"Productivity Dashboard","productivity-dashboard"
"Jitter",1,"Web Interface","web-interface"
"Leonardo AI",1,"AI Dashboard","ai-dashboard"
"Melio",1,"Finance Dashboard","finance-dashboard"
"Open",1,"Healthcare Dashboard","healthcare-dashboard"
"Paramount+",1,"Skip Button","skip-button"
"SuperHi",1,"Class &amp; Lesson Detail","class-lesson-detail"
"Telescope",1,"Web App Design","web-app-design"